Region,Diameter,Age,Length,Events
Area 1,100,6,0.01067,0
Area 1,100,8,0.03949,1
Area 1,100,9,0.03319,0
Area 1,100,10,0.02947,0
Area 1,100,12,0.2857,2
Area 1,100,14,0.03632,0
Area 1,100,15,0.14847,0
Area 1,100,17,0.05481,0
Area 1,100,22,0.09968,0
Area 1,100,23,0.08095,0
Area 1,100,25,0.08634,0
Area 1,100,28,0.04304,0
Area 1,100,32,0.12639,0
Area 1,100,33,0.03446,0
Area 1,100,36,1.15246,1
Area 1,100,40,0.08855,0
Area 1,100,42,0.387,2
Area 1,100,45,0.09326,0
Area 1,100,47,0.05661,0
Area 1,100,50,0.92552,3
Area 1,100,57,0.04145,0
Area 1,100,59,0.11505,1
Area 1,100,66,0.08577,0
Area 1,100,70,1.01217,2
Area 1,100,71,0.05979,0
Area 1,100,77,0.05526,0
Area 1,100,79,0.03697,0
Area 1,100,85,2.67548,4
Area 1,100,86,0.20786,1
Area 1,100,88,0.15641,0
Area 1,100,91,0.01004,0
Area 1,100,92,0.03916,1
Area 1,100,94,0.03711,1
Area 1,100,95,1.09647,2
Area 1,150,5,0.1614,0
Area 1,150,6,0.25439,0
Area 1,150,7,0.58764,0
Area 1,150,8,1.51916,0
Area 1,150,9,3.51035,2
Area 1,150,10,4.23778,1
Area 1,150,11,2.47708,0
Area 1,150,12,15.17816,19
Area 1,150,13,2.84112,3
Area 1,150,14,0.81962,0
Area 1,150,15,10.02958,12
Area 1,150,16,1.10073,1
Area 1,150,17,0.56878,0
Area 1,150,18,0.31299,3
Area 1,150,19,0.90425,1
Area 1,150,20,1.29152,4
Area 1,150,21,1.3078,2
Area 1,150,22,30.12305,33
Area 1,150,23,1.57863,1
Area 1,150,24,0.21012,0
Area 1,150,25,1.45259,0
Area 1,150,26,0.22081,0
Area 1,150,27,0.45331,0
Area 1,150,28,0.20356,0
Area 1,150,29,0.02658,0
Area 1,150,31,0.1457,0
Area 1,150,32,24.38401,20
Area 1,150,33,0.22906,0
Area 1,150,34,0.38886,4
Area 1,150,35,1.23918,1
Area 1,150,36,45.15879,66
Area 1,150,37,0.47115,0
Area 1,150,38,1.08946,0
Area 1,150,39,0.88738,5
Area 1,150,40,0.78767,1
Area 1,150,42,29.8059,49
Area 1,150,43,0.97908,1
Area 1,150,44,0.15559,0
Area 1,150,45,0.15576,0
Area 1,150,50,36.65684,61
Area 1,150,55,1.57026,1
Area 1,150,57,0.23707,0
Area 1,150,59,0.54612,2
Area 1,150,63,0.1289,0
Area 1,150,70,39.4676,91
Area 1,150,71,5.75876,4
Area 1,150,77,0.44432,2
Area 1,150,79,0.04855,1
Area 1,150,85,54.0854,88
Area 1,150,86,0.10311,0
Area 1,150,88,0.42862,0
Area 1,150,91,0.16734,0
Area 1,150,92,0.02772,0
Area 1,150,93,0.06854,0
Area 1,150,94,0.39353,2
Area 1,150,95,15.68933,42
Area 1,150,100,0.0068,0
Area 1,225,5,0.00727,0
Area 1,225,6,0.21827,0
Area 1,225,7,0.2494,0
Area 1,225,8,0.05862,0
Area 1,225,9,0.84593,1
Area 1,225,10,0.9356,0
Area 1,225,11,1.49106,0
Area 1,225,12,26.5905,13
Area 1,225,13,0.8801,0
Area 1,225,14,0.51102,0
Area 1,225,15,8.42174,18
Area 1,225,17,0.60894,1
Area 1,225,18,0.34641,0
Area 1,225,19,0.8907,1
Area 1,225,20,0.9189,1
Area 1,225,21,0.95532,0
Area 1,225,22,23.55822,18
Area 1,225,23,2.32121,0
Area 1,225,24,0.05633,0
Area 1,225,25,2.44334,0
Area 1,225,26,0.14042,0
Area 1,225,27,0.56809,0
Area 1,225,28,0.27935,0
Area 1,225,29,0.49441,0
Area 1,225,31,0.34231,0
Area 1,225,32,46.61684,23
Area 1,225,33,0.25144,0
Area 1,225,34,0.13255,0
Area 1,225,35,0.78069,1
Area 1,225,36,69.63029,60
Area 1,225,37,0.49782,0
Area 1,225,38,0.84406,1
Area 1,225,39,0.91926,0
Area 1,225,40,1.28591,0
Area 1,225,42,51.99951,53
Area 1,225,43,0.1816,0
Area 1,225,44,0.60611,0
Area 1,225,45,1.35214,2
Area 1,225,46,0.31419,0
Area 1,225,47,0.08491,0
Area 1,225,48,0.25294,0
Area 1,225,49,0.19903,0
Area 1,225,50,34.49932,45
Area 1,225,55,0.08714,1
Area 1,225,57,1.20604,0
Area 1,225,59,0.1717,0
Area 1,225,63,0.37047,0
Area 1,225,66,0.07451,0
Area 1,225,67,0.12869,0
Area 1,225,69,0.15396,0
Area 1,225,70,66.91993,76
Area 1,225,71,20.17203,26
Area 1,225,77,0.9485,0
Area 1,225,84,0.16482,1
Area 1,225,85,117.06559,156
Area 1,225,86,0.24907,1
Area 1,225,88,0.89633,3
Area 1,225,91,0.56459,1
Area 1,225,92,0.38636,1
Area 1,225,93,0.12414,1
Area 1,225,94,0.40327,0
Area 1,225,95,58.62863,169
Area 1,225,100,0.01841,0
Area 1,300,6,0.0757,0
Area 1,300,8,0.2257,0
Area 1,300,9,0.16831,0
Area 1,300,10,0.14699,0
Area 1,300,11,0.05055,0
Area 1,300,12,3.291,0
Area 1,300,13,0.18855,0
Area 1,300,14,0.28083,0
Area 1,300,15,2.8071,1
Area 1,300,17,0.12524,0
Area 1,300,19,0.38019,0
Area 1,300,20,0.05231,0
Area 1,300,21,0.13856,0
Area 1,300,22,4.34173,10
Area 1,300,23,0.66479,0
Area 1,300,24,0.11688,0
Area 1,300,25,0.60033,0
Area 1,300,26,0.22931,0
Area 1,300,27,0.4209,0
Area 1,300,29,0.34374,0
Area 1,300,31,0.30836,0
Area 1,300,32,6.13842,2
Area 1,300,33,0.03739,0
Area 1,300,35,0.08697,0
Area 1,300,36,11.73602,10
Area 1,300,37,0.13334,0
Area 1,300,39,0.31477,0
Area 1,300,40,0.04453,0
Area 1,300,42,7.88243,6
Area 1,300,43,0.62023,0
Area 1,300,44,0.16807,0
Area 1,300,45,2.22012,5
Area 1,300,50,3.35122,2
Area 1,300,57,0.27439,0
Area 1,300,70,6.30035,1
Area 1,300,71,3.81828,0
Area 1,300,77,0.48084,0
Area 1,300,85,17.95749,8
Area 1,300,88,0.42139,0
Area 1,300,91,0.10607,0
Area 1,300,92,0.1946,0
Area 1,300,95,9.19575,9
Area 1,375,6,0.01948,0
Area 1,375,9,0.00972,0
Area 1,375,11,0.00497,0
Area 1,375,12,0.82882,0
Area 1,375,15,0.45162,0
Area 1,375,17,0.00301,0
Area 1,375,22,1.73036,0
Area 1,375,25,0.12307,0
Area 1,375,27,0.08128,0
Area 1,375,29,0.08658,0
Area 1,375,32,1.11047,0
Area 1,375,33,0.10271,0
Area 1,375,36,3.30871,6
Area 1,375,37,0.45031,0
Area 1,375,39,0.16535,0
Area 1,375,40,0.09144,0
Area 1,375,42,1.27456,0
Area 1,375,43,0.10404,0
Area 1,375,45,0.66966,1
Area 1,375,50,1.23677,0
Area 1,375,69,0.27752,0
Area 1,375,70,2.60388,0
Area 1,375,71,1.35226,1
Area 1,375,85,3.92138,2
Area 1,375,88,0.02867,0
Area 1,375,91,0.18022,1
Area 1,375,95,1.83121,2
Area 1,450,8,0.04791,0
Area 1,450,9,0.05316,0
Area 1,450,12,0.05715,0
Area 1,450,14,0.11841,0
Area 1,450,15,0.35731,1
Area 1,450,16,0.05614,0
Area 1,450,22,0.21153,0
Area 1,450,23,0.05805,0
Area 1,450,31,0.02842,0
Area 1,450,32,0.87112,0
Area 1,450,36,0.86463,0
Area 1,450,42,0.71053,0
Area 1,450,45,0.11268,0
Area 1,450,50,0.42769,1
Area 1,450,70,0.86458,0
Area 1,450,71,0.84731,0
Area 1,450,77,0.05232,0
Area 1,450,85,1.01602,1
Area 1,450,91,0.03649,0
Area 1,450,95,0.43543,0
Area 1,600,8,0.11323,0
Area 1,600,9,0.0582,0
Area 1,600,12,0.04741,0
Area 1,600,14,0.03555,0
Area 1,600,15,0.16347,0
Area 1,600,22,0.3851,0
Area 1,600,27,0.01909,0
Area 1,600,32,0.35453,1
Area 1,600,36,0.76977,0
Area 1,600,38,0.11767,0
Area 1,600,39,0.05292,0
Area 1,600,42,0.41,0
Area 1,600,45,0.04164,1
Area 1,600,50,0.10395,0
Area 1,600,70,0.52069,1
Area 1,600,71,0.10756,0
Area 1,600,85,1.09423,3
Area 1,600,91,0.01182,0
Area 1,600,92,0.09984,0
Area 1,600,95,0.72675,1
Area 2,100,3,0.01637,0
Area 2,100,5,0.00639,0
Area 2,100,6,0.00065,0
Area 2,100,8,0.0122,0
Area 2,100,9,0.02027,0
Area 2,100,10,0.01729,0
Area 2,100,12,0.03962,0
Area 2,100,15,0.0292,0
Area 2,100,16,0.03922,1
Area 2,100,19,0.02523,0
Area 2,100,22,0.00728,0
Area 2,100,32,0.29963,2
Area 2,100,42,0.09917,1
Area 2,100,45,0.07361,0
Area 2,100,47,0.026,0
Area 2,100,50,0.15357,2
Area 2,100,57,0.01542,0
Area 2,100,66,0.01428,0
Area 2,100,68,0.08484,0
Area 2,100,69,0.05982,1
Area 2,100,70,0.21686,0
Area 2,100,71,0.01405,1
Area 2,100,79,0.24802,0
Area 2,100,85,0.91297,6
Area 2,100,86,0.05724,0
Area 2,100,88,0.02574,0
Area 2,100,91,0.01204,0
Area 2,100,93,0.02648,0
Area 2,100,95,0.3502,0
Area 2,100,100,0.00725,1
Area 2,150,3,0.10241,0
Area 2,150,5,0.16122,0
Area 2,150,6,0.17289,0
Area 2,150,7,0.07055,0
Area 2,150,8,0.69791,4
Area 2,150,9,2.97294,0
Area 2,150,10,0.93773,1
Area 2,150,11,1.72371,2
Area 2,150,12,3.40093,1
Area 2,150,13,2.3682,0
Area 2,150,14,0.29208,0
Area 2,150,15,9.69342,6
Area 2,150,16,0.28383,0
Area 2,150,17,0.03709,0
Area 2,150,18,0.02853,0
Area 2,150,19,0.11841,0
Area 2,150,21,0.34619,0
Area 2,150,22,16.73199,12
Area 2,150,23,0.62131,1
Area 2,150,24,0.49186,2
Area 2,150,25,0.16979,0
Area 2,150,26,0.09304,0
Area 2,150,32,6.66513,5
Area 2,150,33,0.03742,0
Area 2,150,34,0.06029,0
Area 2,150,35,0.2034,0
Area 2,150,36,3.36355,6
Area 2,150,42,6.736,15
Area 2,150,43,0.25266,0
Area 2,150,45,0.37211,1
Area 2,150,47,0.14208,0
Area 2,150,48,0.04611,0
Area 2,150,49,0.13031,0
Area 2,150,50,19.42782,42
Area 2,150,59,0.42924,2
Area 2,150,66,0.12157,1
Area 2,150,68,0.67402,4
Area 2,150,69,0.20674,0
Area 2,150,70,17.17891,55
Area 2,150,71,1.58034,3
Area 2,150,77,0.42492,0
Area 2,150,79,0.64474,2
Area 2,150,85,26.88477,52
Area 2,150,86,0.14734,3
Area 2,150,88,0.24562,0
Area 2,150,93,0.19747,0
Area 2,150,94,0.73595,2
Area 2,150,95,11.56901,27
Area 2,150,100,0.15804,0
Area 2,225,3,0.03977,0
Area 2,225,5,0.15102,0
Area 2,225,6,0.20394,0
Area 2,225,7,0.55008,0
Area 2,225,8,0.29338,1
Area 2,225,9,0.7493,1
Area 2,225,10,0.92775,0
Area 2,225,11,0.07344,0
Area 2,225,12,22.89402,20
Area 2,225,13,1.19015,2
Area 2,225,14,0.10849,0
Area 2,225,15,28.97671,32
Area 2,225,16,0.30004,0
Area 2,225,17,0.1334,0
Area 2,225,18,0.35112,0
Area 2,225,19,2.20827,0
Area 2,225,21,1.34127,0
Area 2,225,22,46.31293,18
Area 2,225,23,1.96582,1
Area 2,225,24,1.23242,0
Area 2,225,25,0.99063,0
Area 2,225,26,0.72107,0
Area 2,225,31,0.2835,0
Area 2,225,32,94.43322,73
Area 2,225,33,2.11243,1
Area 2,225,34,0.71203,1
Area 2,225,35,2.77647,2
Area 2,225,36,32.93127,48
Area 2,225,37,0.34706,2
Area 2,225,39,0.31667,0
Area 2,225,40,0.51483,1
Area 2,225,42,128.56922,182
Area 2,225,43,0.54731,0
Area 2,225,45,9.68784,5
Area 2,225,46,0.10342,0
Area 2,225,47,1.34126,2
Area 2,225,48,0.51043,0
Area 2,225,49,0.30439,0
Area 2,225,50,195.95662,234
Area 2,225,57,0.07516,0
Area 2,225,59,1.55927,5
Area 2,225,66,0.05617,0
Area 2,225,68,1.04589,0
Area 2,225,69,1.98949,0
Area 2,225,70,146.9642,195
Area 2,225,71,45.48121,44
Area 2,225,77,5.08221,7
Area 2,225,79,0.41912,0
Area 2,225,85,339.08786,457
Area 2,225,86,0.01377,0
Area 2,225,88,0.06874,0
Area 2,225,91,0.26508,0
Area 2,225,93,0.05108,0
Area 2,225,94,8.81045,11
Area 2,225,95,165.22205,216
Area 2,225,100,0.03331,0
Area 2,300,5,0.02062,0
Area 2,300,6,0.00698,0
Area 2,300,7,0.12753,0
Area 2,300,8,0.11037,0
Area 2,300,9,0.22027,0
Area 2,300,10,0.21956,0
Area 2,300,12,11.36144,17
Area 2,300,13,0.64941,1
Area 2,300,14,0.02302,0
Area 2,300,15,7.1847,9
Area 2,300,18,0.00806,0
Area 2,300,19,1.08424,0
Area 2,300,22,12.7595,8
Area 2,300,23,0.80963,0
Area 2,300,24,0.22653,0
Area 2,300,25,0.10895,0
Area 2,300,26,1.23779,0
Area 2,300,32,18.49425,13
Area 2,300,33,0.39018,1
Area 2,300,34,0.06419,3
Area 2,300,35,0.43731,0
Area 2,300,36,11.37105,8
Area 2,300,42,19.86099,12
Area 2,300,45,1.11352,0
Area 2,300,47,0.16643,0
Area 2,300,48,0.31875,0
Area 2,300,49,0.29305,0
Area 2,300,50,27.8672,35
Area 2,300,57,1.26139,0
Area 2,300,59,0.23437,0
Area 2,300,68,0.06897,0
Area 2,300,69,0.98601,3
Area 2,300,70,26.61223,35
Area 2,300,71,11.2389,16
Area 2,300,77,0.40487,1
Area 2,300,79,0.3498,0
Area 2,300,85,49.0495,51
Area 2,300,86,0.04519,0
Area 2,300,88,0.16381,0
Area 2,300,94,2.85669,2
Area 2,300,95,35.01569,39
Area 2,300,100,0.01398,0
Area 2,375,5,0.02363,0
Area 2,375,6,0.10097,0
Area 2,375,8,0.03083,0
Area 2,375,11,0.02617,0
Area 2,375,12,2.5354,5
Area 2,375,15,2.38198,2
Area 2,375,19,0.51844,0
Area 2,375,21,0.10791,0
Area 2,375,22,3.70812,2
Area 2,375,23,0.14534,0
Area 2,375,24,0.22513,0
Area 2,375,25,0.03009,0
Area 2,375,32,3.79617,2
Area 2,375,33,0.16543,0
Area 2,375,35,0.19951,0
Area 2,375,36,3.86596,6
Area 2,375,37,0.01403,0
Area 2,375,39,0.20322,0
Area 2,375,42,4.918,2
Area 2,375,45,0.16083,0
Area 2,375,48,0.1939,0
Area 2,375,49,0.20735,0
Area 2,375,50,8.66468,3
Area 2,375,59,0.02823,0
Area 2,375,68,0.06729,0
Area 2,375,69,0.65808,1
Area 2,375,70,9.09254,6
Area 2,375,71,2.12008,3
Area 2,375,77,0.63527,0
Area 2,375,85,18.54767,19
Area 2,375,94,1.43374,1
Area 2,375,95,10.40392,11
Area 2,450,5,0.00554,0
Area 2,450,6,0.04889,0
Area 2,450,8,0.04422,0
Area 2,450,10,0.02793,0
Area 2,450,11,0.02804,0
Area 2,450,12,1.75068,0
Area 2,450,13,0.00292,0
Area 2,450,15,2.04799,0
Area 2,450,19,0.09619,0
Area 2,450,22,1.90316,0
Area 2,450,23,0.08364,0
Area 2,450,32,1.3626,0
Area 2,450,35,0.25988,0
Area 2,450,36,0.85683,0
Area 2,450,42,1.92749,1
Area 2,450,44,0.12507,0
Area 2,450,45,0.02459,0
Area 2,450,50,3.44813,3
Area 2,450,59,0.11828,0
Area 2,450,69,0.22447,0
Area 2,450,70,4.23461,5
Area 2,450,71,1.84323,2
Area 2,450,77,0.29432,0
Area 2,450,79,0.00251,0
Area 2,450,85,8.80143,6
Area 2,450,94,0.96322,2
Area 2,450,95,3.83711,5
Area 2,600,5,0.01848,0
Area 2,600,8,0.01761,0
Area 2,600,10,0.01922,0
Area 2,600,11,0.10556,0
Area 2,600,12,0.97425,2
Area 2,600,13,0.07457,0
Area 2,600,15,1.27359,1
Area 2,600,19,0.09474,0
Area 2,600,22,1.0941,0
Area 2,600,25,0.04672,0
Area 2,600,32,0.17031,0
Area 2,600,36,0.91889,0
Area 2,600,42,1.25908,2
Area 2,600,45,0.08598,0
Area 2,600,50,2.77651,2
Area 2,600,59,0.14578,0
Area 2,600,69,0.09354,0
Area 2,600,70,1.11706,1
Area 2,600,71,1.08302,0
Area 2,600,77,0.05939,0
Area 2,600,85,6.0637,4
Area 2,600,94,0.2093,0
Area 2,600,95,5.23621,3
Area 2,900,13,0.00886,0
Area 2,900,15,0.01661,0
Area 2,900,22,0.1192,0
Area 2,900,32,0.30072,0
Area 2,900,35,0.16547,0
Area 2,900,42,0.11936,0
Area 2,900,50,0.4705,0
Area 2,900,70,0.42218,0
Area 2,900,71,0.11814,0
Area 2,900,85,1.20853,1
Area 2,900,95,0.17301,0
Area 2,1050,12,0.21009,0
Area 2,1050,22,0.20862,0
Area 2,1050,32,0.10965,0
Area 2,1050,42,0.21591,0
Area 2,1050,50,0.2033,0
Area 2,1050,70,0.43884,0
Area 2,1050,85,0.27249,0
Area 2,1050,95,0.10437,0
Area 3,100,6,0.00273,0
Area 3,100,7,0.02323,0
Area 3,100,8,0.0236,0
Area 3,100,9,0.0297,0
Area 3,100,10,0.05042,0
Area 3,100,11,0.03752,0
Area 3,100,12,0.24703,0
Area 3,100,15,0.81469,3
Area 3,100,22,0.12175,0
Area 3,100,27,0.42329,0
Area 3,100,32,0.32654,1
Area 3,100,33,0.01902,0
Area 3,100,36,0.41693,2
Area 3,100,40,0.0456,0
Area 3,100,42,2.80104,18
Area 3,100,50,4.13144,21
Area 3,100,59,0.01474,0
Area 3,100,61,0.08982,0
Area 3,100,68,0.15167,1
Area 3,100,70,3.06143,7
Area 3,100,71,0.2506,4
Area 3,100,85,2.91566,11
Area 3,100,86,0.06966,1
Area 3,100,91,0.0781,0
Area 3,100,95,0.92314,2
Area 3,150,3,0.09978,0
Area 3,150,5,0.04061,0
Area 3,150,6,0.32188,0
Area 3,150,7,0.89616,0
Area 3,150,8,2.06259,0
Area 3,150,9,1.60884,1
Area 3,150,10,3.97205,9
Area 3,150,11,2.00507,1
Area 3,150,12,16.85707,22
Area 3,150,13,2.0301,0
Area 3,150,14,2.27601,10
Area 3,150,15,11.98501,7
Area 3,150,16,0.41959,1
Area 3,150,17,0.27,0
Area 3,150,18,1.27127,2
Area 3,150,19,1.05911,0
Area 3,150,21,0.57259,2
Area 3,150,22,32.35641,37
Area 3,150,23,0.71886,0
Area 3,150,24,1.00904,0
Area 3,150,25,0.44318,0
Area 3,150,26,0.09858,0
Area 3,150,27,1.17883,0
Area 3,150,28,0.12251,0
Area 3,150,32,58.66162,92
Area 3,150,33,0.07345,2
Area 3,150,34,0.10132,0
Area 3,150,36,32.11786,61
Area 3,150,37,0.63392,1
Area 3,150,38,0.18568,0
Area 3,150,39,0.04743,0
Area 3,150,40,0.56252,0
Area 3,150,42,60.38274,122
Area 3,150,43,0.26447,1
Area 3,150,44,0.69257,1
Area 3,150,45,0.08807,0
Area 3,150,47,0.13534,0
Area 3,150,49,0.0541,0
Area 3,150,50,51.18511,103
Area 3,150,61,1.12196,1
Area 3,150,63,0.0863,1
Area 3,150,68,0.74084,0
Area 3,150,70,38.10558,75
Area 3,150,71,8.85675,19
Area 3,150,77,0.25778,0
Area 3,150,85,35.41176,58
Area 3,150,86,0.04672,0
Area 3,150,91,0.47433,0
Area 3,150,92,0.007,0
Area 3,150,95,12.5094,23
Area 3,225,3,0.14444,0
Area 3,225,5,0.28789,3
Area 3,225,6,0.3143,0
Area 3,225,7,0.06265,0
Area 3,225,8,0.02336,0
Area 3,225,9,0.10207,0
Area 3,225,10,2.42266,0
Area 3,225,11,0.12334,0
Area 3,225,12,18.4183,17
Area 3,225,13,0.60566,0
Area 3,225,14,0.74454,2
Area 3,225,15,8.99626,10
Area 3,225,16,0.28925,0
Area 3,225,17,0.16239,0
Area 3,225,18,0.38843,0
Area 3,225,20,0.11397,0
Area 3,225,21,0.92352,0
Area 3,225,22,12.40469,11
Area 3,225,23,0.06682,0
Area 3,225,24,0.43473,1
Area 3,225,25,0.20411,0
Area 3,225,28,0.16463,0
Area 3,225,29,0.18406,0
Area 3,225,32,23.58226,20
Area 3,225,35,0.04226,0
Area 3,225,36,13.93315,14
Area 3,225,37,0.38421,2
Area 3,225,38,0.18503,0
Area 3,225,40,0.47408,1
Area 3,225,42,24.72335,22
Area 3,225,43,0.1091,0
Area 3,225,44,1.3143,1
Area 3,225,45,1.16652,0
Area 3,225,47,0.1151,0
Area 3,225,50,32.20019,52
Area 3,225,61,0.61509,0
Area 3,225,68,2.18441,6
Area 3,225,70,28.48576,31
Area 3,225,71,6.09418,1
Area 3,225,77,0.3377,0
Area 3,225,85,31.92129,44
Area 3,225,86,0.01635,0
Area 3,225,91,0.38423,0
Area 3,225,92,0.04722,0
Area 3,225,95,14.68205,20
Area 3,300,3,0.00401,0
Area 3,300,7,0.10954,0
Area 3,300,9,0.16032,0
Area 3,300,10,0.16944,0
Area 3,300,11,0.13737,0
Area 3,300,12,3.40127,8
Area 3,300,14,0.37668,0
Area 3,300,15,3.58874,0
Area 3,300,16,0.02868,0
Area 3,300,17,0.20999,0
Area 3,300,18,0.12898,0
Area 3,300,20,0.11399,0
Area 3,300,21,0.16884,0
Area 3,300,22,4.28493,5
Area 3,300,23,0.01356,0
Area 3,300,24,0.09576,0
Area 3,300,27,0.07003,0
Area 3,300,32,3.95344,4
Area 3,300,35,0.01422,0
Area 3,300,36,2.16796,2
Area 3,300,37,0.22134,0
Area 3,300,40,0.07874,0
Area 3,300,42,4.05825,4
Area 3,300,44,0.47204,1
Area 3,300,45,1.03003,2
Area 3,300,50,3.9659,4
Area 3,300,61,0.05389,0
Area 3,300,68,0.86561,0
Area 3,300,70,2.92683,2
Area 3,300,71,1.71025,2
Area 3,300,77,0.28253,0
Area 3,300,85,5.08683,4
Area 3,300,86,0.07798,0
Area 3,300,95,3.79215,2
Area 3,375,3,0.00473,0
Area 3,375,5,0.01725,0
Area 3,375,11,0.06292,0
Area 3,375,12,1.32427,1
Area 3,375,15,0.72643,0
Area 3,375,16,0.01722,0
Area 3,375,22,0.89732,1
Area 3,375,32,2.7267,0
Area 3,375,34,0.0917,0
Area 3,375,36,0.75535,0
Area 3,375,42,1.88316,1
Area 3,375,44,0.42479,0
Area 3,375,45,0.36485,0
Area 3,375,50,2.89273,0
Area 3,375,68,0.69473,0
Area 3,375,70,0.89592,1
Area 3,375,71,0.55694,1
Area 3,375,85,2.10232,1
Area 3,375,86,0.20099,0
Area 3,375,91,0.10272,0
Area 3,375,92,0.02553,0
Area 3,375,95,0.56852,0
Area 3,450,9,0.22711,3
Area 3,450,10,0.05538,0
Area 3,450,11,0.4303,0
Area 3,450,12,0.11032,0
Area 3,450,13,0.03113,0
Area 3,450,15,0.49706,0
Area 3,450,18,0.00508,0
Area 3,450,22,0.16012,0
Area 3,450,32,0.08678,0
Area 3,450,42,0.17178,0
Area 3,450,50,0.13477,0
Area 3,450,68,0.26934,0
Area 3,450,70,0.05124,0
Area 3,450,71,0.03202,0
Area 3,450,85,0.3489,0
Area 3,450,95,0.17527,1
Area 3,600,12,0.02313,1
Area 3,600,15,0.08047,0
Area 3,600,22,0.05404,0
Area 3,600,36,0.04753,0
Area 3,600,42,0.16094,0
Area 3,600,50,0.03577,0
Area 3,600,68,0.0236,0
Area 3,600,85,0.59528,0
Area 3,900,12,0.07299,1
Area 3,900,21,0.16736,0
Area 3,900,22,0.24612,1
Area 3,900,68,0.07494,0
Area 3,900,70,0.31515,0
Area 3,900,71,0.07648,0
Area 3,1050,3,0.03001,0
Area 3,1050,32,0.05162,0
Area 4,100,8,0.05882,0
Area 4,100,9,0.11365,0
Area 4,100,10,0.12401,0
Area 4,100,11,0.02553,0
Area 4,100,12,0.086,0
Area 4,100,13,0.08682,0
Area 4,100,14,0.05597,0
Area 4,100,15,0.07501,1
Area 4,100,21,0.03912,0
Area 4,100,22,0.36607,1
Area 4,100,24,0.03264,0
Area 4,100,26,0.00383,0
Area 4,100,31,0.02596,0
Area 4,100,32,0.16145,0
Area 4,100,35,0.03593,0
Area 4,100,36,0.16129,5
Area 4,100,42,0.12611,0
Area 4,100,47,0.02111,0
Area 4,100,50,0.45955,2
Area 4,100,57,0.0685,0
Area 4,100,59,0.02187,0
Area 4,100,66,0.25353,0
Area 4,100,68,0.03579,0
Area 4,100,69,0.17285,0
Area 4,100,70,0.37735,2
Area 4,100,71,0.06851,0
Area 4,100,77,0.25846,1
Area 4,100,79,0.10579,0
Area 4,100,85,1.12675,3
Area 4,100,88,0.11073,2
Area 4,100,93,0.05714,1
Area 4,100,95,0.52557,0
Area 4,150,3,0.02572,0
Area 4,150,5,0.30207,0
Area 4,150,6,0.18614,0
Area 4,150,7,0.79882,0
Area 4,150,8,1.67157,1
Area 4,150,9,2.54766,1
Area 4,150,10,2.76991,5
Area 4,150,11,2.0761,2
Area 4,150,12,4.13628,9
Area 4,150,13,3.62074,4
Area 4,150,14,2.79091,4
Area 4,150,15,16.76416,20
Area 4,150,16,0.9085,1
Area 4,150,17,0.96777,0
Area 4,150,18,0.41065,2
Area 4,150,19,1.58718,1
Area 4,150,20,1.34157,2
Area 4,150,21,1.14111,0
Area 4,150,22,33.28052,41
Area 4,150,23,1.98261,2
Area 4,150,24,0.5827,3
Area 4,150,25,6.3032,6
Area 4,150,26,0.84567,2
Area 4,150,27,0.77591,0
Area 4,150,28,0.80334,0
Area 4,150,29,0.43604,0
Area 4,150,31,0.97728,1
Area 4,150,32,40.47951,33
Area 4,150,33,0.67852,5
Area 4,150,34,0.20519,0
Area 4,150,35,0.34996,0
Area 4,150,36,9.4244,16
Area 4,150,37,0.01549,0
Area 4,150,38,0.20446,0
Area 4,150,39,0.26349,0
Area 4,150,40,2.04459,8
Area 4,150,42,52.28512,73
Area 4,150,43,0.50034,0
Area 4,150,45,8.50329,20
Area 4,150,46,0.97108,2
Area 4,150,47,0.44197,0
Area 4,150,48,3.95125,8
Area 4,150,49,1.07882,1
Area 4,150,50,56.73051,89
Area 4,150,53,0.10152,0
Area 4,150,55,0.19862,0
Area 4,150,59,0.48011,1
Area 4,150,63,0.21342,0
Area 4,150,66,0.08551,0
Area 4,150,68,0.04811,0
Area 4,150,69,0.00637,0
Area 4,150,70,28.30407,55
Area 4,150,71,0.53462,0
Area 4,150,77,0.30903,0
Area 4,150,79,0.12503,0
Area 4,150,84,0.86751,2
Area 4,150,85,29.34277,39
Area 4,150,88,0.12819,0
Area 4,150,91,0.06242,0
Area 4,150,93,1.4823,3
Area 4,150,95,14.13981,32
Area 4,225,5,0.2942,0
Area 4,225,6,0.14787,0
Area 4,225,7,0.08157,0
Area 4,225,8,0.30922,0
Area 4,225,9,0.55781,0
Area 4,225,10,0.87759,0
Area 4,225,11,0.36204,0
Area 4,225,12,5.02665,4
Area 4,225,13,0.66484,0
Area 4,225,14,0.14079,0
Area 4,225,15,23.41723,13
Area 4,225,16,0.62834,0
Area 4,225,17,0.58967,0
Area 4,225,18,0.9925,1
Area 4,225,19,0.33163,0
Area 4,225,20,2.5716,1
Area 4,225,21,2.26643,2
Area 4,225,22,44.09528,27
Area 4,225,23,1.05698,0
Area 4,225,24,3.85105,3
Area 4,225,25,10.65851,7
Area 4,225,26,2.40784,2
Area 4,225,27,0.60388,1
Area 4,225,28,0.59482,1
Area 4,225,29,0.79887,0
Area 4,225,31,2.33514,0
Area 4,225,32,61.1392,35
Area 4,225,33,3.93778,1
Area 4,225,34,1.49742,0
Area 4,225,35,0.91465,1
Area 4,225,36,23.50755,16
Area 4,225,38,0.67481,1
Area 4,225,39,0.25142,0
Area 4,225,40,0.43857,1
Area 4,225,42,91.84335,70
Area 4,225,43,1.27351,3
Area 4,225,44,0.90838,0
Area 4,225,45,3.31041,0
Area 4,225,46,0.08268,0
Area 4,225,47,1.1324,2
Area 4,225,48,3.9838,0
Area 4,225,49,1.64807,0
Area 4,225,50,96.2623,92
Area 4,225,55,0.1686,0
Area 4,225,57,0.15214,0
Area 4,225,59,0.85452,1
Area 4,225,63,0.91296,0
Area 4,225,66,0.11017,0
Area 4,225,68,0.12903,0
Area 4,225,69,0.03555,0
Area 4,225,70,81.74407,60
Area 4,225,71,4.23496,5
Area 4,225,77,1.37321,1
Area 4,225,79,0.03483,0
Area 4,225,84,0.99927,0
Area 4,225,85,164.84479,120
Area 4,225,88,0.05666,0
Area 4,225,93,2.58713,2
Area 4,225,95,90.528,69
Area 4,300,5,0.15693,0
Area 4,300,6,0.15113,0
Area 4,300,9,0.23667,0
Area 4,300,10,0.00171,0
Area 4,300,11,0.59072,0
Area 4,300,12,2.60262,3
Area 4,300,13,0.09499,0
Area 4,300,14,0.07309,0
Area 4,300,15,6.04984,4
Area 4,300,17,0.04661,0
Area 4,300,19,0.16455,0
Area 4,300,20,0.66695,0
Area 4,300,21,0.72954,0
Area 4,300,22,6.95141,2
Area 4,300,23,0.00626,0
Area 4,300,24,1.02322,0
Area 4,300,25,2.64758,0
Area 4,300,26,0.69975,1
Area 4,300,28,0.02401,0
Area 4,300,29,0.19361,0
Area 4,300,31,0.24436,0
Area 4,300,32,6.67745,1
Area 4,300,33,0.69982,0
Area 4,300,34,0.1692,0
Area 4,300,35,0.00323,0
Area 4,300,36,5.47945,3
Area 4,300,42,12.23771,5
Area 4,300,43,0.35181,0
Area 4,300,45,1.54562,1
Area 4,300,47,0.03378,0
Area 4,300,48,0.1735,1
Area 4,300,49,0.54719,0
Area 4,300,50,13.06424,9
Area 4,300,53,0.05533,0
Area 4,300,59,0.18184,0
Area 4,300,63,0.13108,0
Area 4,300,68,0.01972,0
Area 4,300,70,9.15537,3
Area 4,300,71,1.13535,2
Area 4,300,79,0.01393,0
Area 4,300,84,0.47879,0
Area 4,300,85,25.84622,19
Area 4,300,93,0.25341,0
Area 4,300,95,17.84634,2
Area 4,375,10,0.1101,0
Area 4,375,12,1.65234,0
Area 4,375,15,0.83174,4
Area 4,375,22,1.4688,1
Area 4,375,25,0.105,0
Area 4,375,26,0.29699,0
Area 4,375,31,0.09242,0
Area 4,375,32,0.81354,0
Area 4,375,33,0.03314,1
Area 4,375,34,0.03467,0
Area 4,375,36,1.06167,1
Area 4,375,38,0.39323,0
Area 4,375,40,0.03277,0
Area 4,375,42,2.37166,0
Area 4,375,43,0.24612,0
Area 4,375,45,0.20781,0
Area 4,375,48,0.15751,0
Area 4,375,50,3.61626,1
Area 4,375,57,0.01491,0
Area 4,375,63,0.00951,0
Area 4,375,68,0.02746,0
Area 4,375,70,0.74372,0
Area 4,375,71,0.83948,0
Area 4,375,85,4.7074,0
Area 4,375,88,0.02794,0
Area 4,375,93,0.00721,0
Area 4,375,95,3.29069,2
Area 4,450,9,0.00407,0
Area 4,450,11,0.0042,0
Area 4,450,12,0.39583,0
Area 4,450,15,0.19822,0
Area 4,450,18,0.00627,0
Area 4,450,22,0.22003,0
Area 4,450,31,0.01948,0
Area 4,450,32,0.70832,0
Area 4,450,35,0.006,1
Area 4,450,36,0.31082,0
Area 4,450,42,1.18754,1
Area 4,450,49,0.12442,0
Area 4,450,50,1.10078,0
Area 4,450,70,0.46942,1
Area 4,450,84,0.03815,0
Area 4,450,85,1.94597,0
Area 4,450,95,0.30552,0
Area 4,600,7,0.01393,0
Area 4,600,8,0.15313,0
Area 4,600,13,0.36674,0
Area 4,600,15,0.13692,0
Area 4,600,22,0.12892,0
Area 4,600,32,0.23028,0
Area 4,600,36,0.09954,0
Area 4,600,38,0.03246,0
Area 4,600,42,0.38153,0
Area 4,600,50,0.29562,0
Area 4,600,70,0.01304,0
Area 4,600,85,0.50544,0
Area 4,600,95,0.11275,0
Area 4,900,8,0.28973,0
Area 4,900,11,0.02441,0
Area 4,900,20,0.03621,0
Area 4,900,85,0.28676,0
Area 4,900,95,0.02241,0
Area 4,1050,8,0.14626,0
Area 4,1050,15,0.02182,0
Area 4,1050,32,0.59052,0
Area 4,1050,50,1.87129,0
Area 4,1050,85,0.90124,0
Area 5,100,7,0.0316,0
Area 5,100,8,0.01245,0
Area 5,100,9,0.0634,0
Area 5,100,10,0.05069,0
Area 5,100,12,0.02863,0
Area 5,100,15,0.07762,1
Area 5,100,22,0.03985,0
Area 5,100,32,0.14583,2
Area 5,100,36,0.20385,2
Area 5,100,42,0.94928,2
Area 5,100,50,0.81833,3
Area 5,100,54,0.04365,1
Area 5,100,55,0.35727,1
Area 5,100,57,0.01695,0
Area 5,100,59,0.05006,1
Area 5,100,63,0.04215,0
Area 5,100,66,0.09375,0
Area 5,100,67,0.379,1
Area 5,100,68,0.5097,2
Area 5,100,70,0.80907,10
Area 5,100,71,0.11279,0
Area 5,100,79,0.08196,0
Area 5,100,84,0.01148,0
Area 5,100,85,0.6442,1
Area 5,100,95,0.21591,1
Area 5,150,6,0.25493,0
Area 5,150,7,0.48958,0
Area 5,150,8,0.77044,1
Area 5,150,9,1.90006,5
Area 5,150,10,2.53035,0
Area 5,150,11,2.83276,6
Area 5,150,12,7.293,17
Area 5,150,13,1.65211,0
Area 5,150,14,1.98651,2
Area 5,150,15,18.46778,32
Area 5,150,16,1.75496,1
Area 5,150,17,0.77933,0
Area 5,150,18,0.67375,2
Area 5,150,19,0.70141,2
Area 5,150,20,0.72389,1
Area 5,150,21,1.25836,4
Area 5,150,22,27.86891,45
Area 5,150,23,1.27073,1
Area 5,150,24,0.65443,0
Area 5,150,25,1.06278,0
Area 5,150,26,0.40815,1
Area 5,150,27,0.70569,1
Area 5,150,31,0.25406,0
Area 5,150,32,24.44397,38
Area 5,150,33,0.4295,1
Area 5,150,34,0.14283,1
Area 5,150,35,0.09646,0
Area 5,150,36,24.22213,65
Area 5,150,38,0.06702,0
Area 5,150,40,0.1336,0
Area 5,150,42,41.65267,98
Area 5,150,44,0.16891,0
Area 5,150,45,0.38583,1
Area 5,150,46,0.3825,0
Area 5,150,47,0.16704,1
Area 5,150,48,0.61032,0
Area 5,150,50,51.93899,84
Area 5,150,54,0.04475,0
Area 5,150,55,47.54744,126
Area 5,150,57,0.32227,0
Area 5,150,59,0.36665,0
Area 5,150,66,0.05842,0
Area 5,150,67,0.18791,0
Area 5,150,68,0.14188,2
Area 5,150,70,34.5619,110
Area 5,150,71,1.98565,16
Area 5,150,79,0.06057,0
Area 5,150,84,0.00815,0
Area 5,150,85,23.98925,77
Area 5,150,91,0.06558,0
Area 5,150,92,0.17615,0
Area 5,150,93,0.79602,1
Area 5,150,95,14.7627,76
Area 5,225,3,0.06111,0
Area 5,225,5,0.04336,0
Area 5,225,8,0.02669,0
Area 5,225,9,0.22267,0
Area 5,225,10,0.17017,0
Area 5,225,11,0.45268,1
Area 5,225,12,7.07337,13
Area 5,225,13,0.59055,0
Area 5,225,15,7.90004,9
Area 5,225,16,0.18165,0
Area 5,225,17,0.09145,0
Area 5,225,18,0.21007,0
Area 5,225,19,0.0298,0
Area 5,225,20,0.19117,0
Area 5,225,21,0.40556,1
Area 5,225,22,14.92621,14
Area 5,225,23,0.30595,0
Area 5,225,24,0.36127,1
Area 5,225,25,0.62815,0
Area 5,225,26,0.53147,0
Area 5,225,27,0.05382,0
Area 5,225,28,0.24778,0
Area 5,225,32,20.18363,25
Area 5,225,33,0.97992,0
Area 5,225,34,0.21401,0
Area 5,225,36,22.53447,37
Area 5,225,38,0.02418,0
Area 5,225,42,31.53879,40
Area 5,225,44,0.19599,0
Area 5,225,45,1.42997,2
Area 5,225,46,0.43129,0
Area 5,225,47,0.21701,0
Area 5,225,48,0.96643,0
Area 5,225,50,22.87342,31
Area 5,225,54,0.03937,0
Area 5,225,55,19.90095,22
Area 5,225,59,0.12853,0
Area 5,225,67,0.49612,1
Area 5,225,68,0.30884,1
Area 5,225,70,37.53714,39
Area 5,225,71,10.42192,19
Area 5,225,79,0.02319,0
Area 5,225,84,0.03488,0
Area 5,225,85,44.99754,55
Area 5,225,92,0.28886,0
Area 5,225,95,30.33665,58
Area 5,300,3,0.01075,0
Area 5,300,8,0.04832,0
Area 5,300,10,0.13094,0
Area 5,300,11,0.09577,0
Area 5,300,12,1.86483,5
Area 5,300,13,0.59978,0
Area 5,300,15,1.83576,2
Area 5,300,21,0.03365,0
Area 5,300,22,2.12178,2
Area 5,300,32,2.58624,5
Area 5,300,33,0.07632,0
Area 5,300,34,0.0617,0
Area 5,300,36,3.34196,3
Area 5,300,42,2.73884,1
Area 5,300,45,0.17002,0
Area 5,300,46,0.0611,0
Area 5,300,47,0.00985,0
Area 5,300,48,0.01116,0
Area 5,300,50,5.02445,10
Area 5,300,55,2.79761,4
Area 5,300,59,0.16878,1
Area 5,300,67,0.14204,0
Area 5,300,68,0.34179,1
Area 5,300,70,4.30684,0
Area 5,300,71,1.98339,6
Area 5,300,85,8.06067,3
Area 5,300,93,0.00934,0
Area 5,300,95,6.90007,8
Area 5,375,5,0.02801,0
Area 5,375,9,0.00861,0
Area 5,375,12,0.76893,2
Area 5,375,13,0.19538,0
Area 5,375,15,0.22171,0
Area 5,375,22,0.21493,0
Area 5,375,32,0.0954,0
Area 5,375,33,0.06165,0
Area 5,375,36,1.5117,0
Area 5,375,42,0.48059,2
Area 5,375,45,0.38549,0
Area 5,375,50,0.353,2
Area 5,375,55,0.01562,0
Area 5,375,59,0.0878,0
Area 5,375,70,0.96223,0
Area 5,375,71,0.33536,2
Area 5,375,85,0.82783,1
Area 5,375,92,0.09752,1
Area 5,375,95,0.31157,3
Area 5,450,13,0.08394,0
Area 5,450,15,0.06274,0
Area 5,450,22,0.07695,0
Area 5,450,32,0.02779,0
Area 5,450,33,0.06554,0
Area 5,450,42,0.0215,0
Area 5,450,50,0.00692,0
Area 5,450,55,0.1881,0
Area 5,450,70,0.41648,0
Area 5,450,71,0.39628,0
Area 5,450,85,0.11284,0
Area 5,600,6,0.06162,0
Area 5,600,15,0.13813,0
Area 5,600,32,0.13067,0
Area 5,600,42,0.15299,0
Area 5,600,70,0.16541,0
Area 5,600,71,0.11989,0
Area 5,600,85,0.11661,2
Area 5,600,95,0.13066,0
Area 5,900,15,0.02473,0
Area 5,900,70,0.11071,0
Area 5,900,71,0.04919,0
Area 5,900,85,0.05209,0
Area 5,1050,15,0.36265,0
Area 5,1050,22,0.26554,0
Area 5,1050,32,0.01069,0
Area 5,1050,45,0.2189,1
Area 5,1050,55,0.67018,0
Area 6,100,7,0.01121,0
Area 6,100,8,0.08935,0
Area 6,100,9,0.06615,0
Area 6,100,10,0.02981,0
Area 6,100,12,0.76005,4
Area 6,100,15,0.14581,0
Area 6,100,22,0.25956,3
Area 6,100,23,0.05588,0
Area 6,100,32,0.31919,0
Area 6,100,33,0.00946,0
Area 6,100,35,0.1198,0
Area 6,100,36,1.64586,12
Area 6,100,37,0.10363,0
Area 6,100,42,0.65877,3
Area 6,100,45,0.06732,0
Area 6,100,47,0.16088,0
Area 6,100,50,2.14823,27
Area 6,100,57,0.09046,2
Area 6,100,61,0.00846,0
Area 6,100,70,1.3439,6
Area 6,100,71,0.14588,1
Area 6,100,85,1.16547,14
Area 6,100,95,0.06828,0
Area 6,150,3,0.34352,1
Area 6,150,5,1.23916,0
Area 6,150,6,1.30618,1
Area 6,150,7,0.44212,1
Area 6,150,8,1.13293,0
Area 6,150,9,2.62995,4
Area 6,150,10,2.00429,0
Area 6,150,11,1.04367,0
Area 6,150,12,26.88587,57
Area 6,150,13,1.86235,4
Area 6,150,14,3.63855,1
Area 6,150,15,26.56661,39
Area 6,150,16,0.3115,0
Area 6,150,17,0.60044,1
Area 6,150,18,0.39619,1
Area 6,150,19,0.55422,1
Area 6,150,20,0.31585,0
Area 6,150,21,1.06001,3
Area 6,150,22,40.53092,58
Area 6,150,23,1.22638,2
Area 6,150,24,1.07187,5
Area 6,150,25,0.74726,2
Area 6,150,26,0.82868,3
Area 6,150,27,0.04313,0
Area 6,150,28,1.54392,2
Area 6,150,31,0.52979,3
Area 6,150,32,60.30931,145
Area 6,150,33,0.27035,0
Area 6,150,34,0.95847,0
Area 6,150,35,2.80804,3
Area 6,150,36,37.30447,106
Area 6,150,37,3.10169,8
Area 6,150,38,0.99995,7
Area 6,150,39,0.09783,0
Area 6,150,40,0.03562,0
Area 6,150,42,73.02566,180
Area 6,150,44,0.10248,0
Area 6,150,45,0.64176,0
Area 6,150,47,0.3516,6
Area 6,150,48,0.04096,0
Area 6,150,49,1.31356,1
Area 6,150,50,65.96538,201
Area 6,150,61,6.43992,27
Area 6,150,70,31.38504,92
Area 6,150,71,4.63752,31
Area 6,150,77,0.16586,0
Area 6,150,84,0.001,0
Area 6,150,85,23.27499,86
Area 6,150,86,0.32829,0
Area 6,150,91,0.37808,0
Area 6,150,93,0.00228,0
Area 6,150,95,9.81246,24
Area 6,225,3,0.25441,0
Area 6,225,5,0.03361,0
Area 6,225,6,0.24918,0
Area 6,225,7,0.36213,0
Area 6,225,8,0.00399,0
Area 6,225,9,0.10262,0
Area 6,225,10,0.45531,0
Area 6,225,11,0.14929,0
Area 6,225,12,21.80762,37
Area 6,225,13,0.32859,0
Area 6,225,14,0.19164,0
Area 6,225,15,12.31987,15
Area 6,225,17,0.46329,0
Area 6,225,19,0.19833,0
Area 6,225,20,0.14798,0
Area 6,225,21,0.66686,0
Area 6,225,22,19.18272,15
Area 6,225,23,1.00809,0
Area 6,225,24,0.46873,0
Area 6,225,25,0.11008,0
Area 6,225,26,0.03112,0
Area 6,225,28,2.22422,3
Area 6,225,31,0.69473,1
Area 6,225,32,33.16549,55
Area 6,225,33,0.01222,0
Area 6,225,34,0.61589,1
Area 6,225,35,0.88555,2
Area 6,225,36,42.63321,113
Area 6,225,37,0.37222,0
Area 6,225,38,0.17249,0
Area 6,225,39,0.25399,0
Area 6,225,42,32.87073,70
Area 6,225,45,0.80716,3
Area 6,225,47,0.51163,0
Area 6,225,49,1.8926,1
Area 6,225,50,27.75996,47
Area 6,225,57,0.07098,0
Area 6,225,61,1.26932,0
Area 6,225,66,0.03166,0
Area 6,225,70,21.8717,45
Area 6,225,71,13.62418,45
Area 6,225,77,0.14507,0
Area 6,225,79,0.04404,0
Area 6,225,84,0.00238,0
Area 6,225,85,23.43839,63
Area 6,225,86,0.62576,1
Area 6,225,93,0.00835,0
Area 6,225,95,11.89241,33
Area 6,225,100,0.00337,0
Area 6,300,5,0.00401,0
Area 6,300,6,0.02269,0
Area 6,300,7,0.25203,1
Area 6,300,11,0.0237,0
Area 6,300,12,4.26766,13
Area 6,300,13,0.02716,0
Area 6,300,14,0.03939,0
Area 6,300,15,1.99783,12
Area 6,300,17,0.16119,0
Area 6,300,21,0.08961,0
Area 6,300,22,3.02257,9
Area 6,300,24,0.05112,0
Area 6,300,28,0.42155,1
Area 6,300,32,3.56544,2
Area 6,300,35,0.03059,0
Area 6,300,36,4.59764,7
Area 6,300,38,0.1213,0
Area 6,300,42,5.43968,5
Area 6,300,45,0.24751,1
Area 6,300,47,0.00214,0
Area 6,300,49,0.26652,0
Area 6,300,50,5.03553,8
Area 6,300,61,0.84089,1
Area 6,300,70,1.56292,2
Area 6,300,71,1.79997,8
Area 6,300,85,1.98116,5
Area 6,300,86,0.0066,0
Area 6,300,95,2.40179,3
Area 6,375,5,0.07349,0
Area 6,375,6,0.03342,0
Area 6,375,7,0.03954,0
Area 6,375,8,0.08076,0
Area 6,375,12,0.93826,1
Area 6,375,15,0.61751,0
Area 6,375,22,0.33799,0
Area 6,375,23,0.21093,0
Area 6,375,25,0.06603,0
Area 6,375,28,0.04011,0
Area 6,375,32,0.71601,2
Area 6,375,36,1.56591,2
Area 6,375,42,1.08876,1
Area 6,375,45,0.09954,0
Area 6,375,49,0.11417,0
Area 6,375,50,0.83638,0
Area 6,375,57,0.0174,0
Area 6,375,70,1.34061,4
Area 6,375,71,0.97016,0
Area 6,375,85,0.63966,1
Area 6,375,95,0.02154,0
Area 6,450,5,0.027,0
Area 6,450,9,0.02954,0
Area 6,450,11,0.0031,0
Area 6,450,12,0.45304,0
Area 6,450,15,0.28212,1
Area 6,450,22,0.42443,0
Area 6,450,28,0.31352,0
Area 6,450,32,0.58327,0
Area 6,450,37,0.12014,0
Area 6,450,42,0.47676,1
Area 6,450,49,0.0238,0
Area 6,450,50,0.193,0
Area 6,450,61,0.22142,0
Area 6,450,70,0.13843,0
Area 6,450,71,0.13161,0
Area 6,450,85,0.33797,0
Area 6,450,86,0.0485,0
Area 6,600,12,0.00531,0
Area 6,600,22,0.28227,0
Area 6,600,32,0.16492,0
Area 6,600,36,0.3022,3
Area 6,600,42,0.39833,0
Area 6,600,49,0.01564,0
Area 6,600,50,0.23395,0
Area 6,600,61,0.02037,0
Area 6,600,70,0.0302,1
Area 6,600,71,0.09674,1
Area 6,600,85,0.21703,0
Area 6,600,95,0.34304,0
Area 6,900,23,0.13449,0
Area 6,900,42,0.09118,0
Area 6,1050,28,0.11092,0
Area 6,1050,50,0.09585,0
Area 7,100,3,0.00691,0
Area 7,100,7,0.08948,0
Area 7,100,8,0.07995,0
Area 7,100,9,0.03659,0
Area 7,100,12,0.05442,1
Area 7,100,14,0.11599,0
Area 7,100,15,0.27812,0
Area 7,100,17,0.01193,0
Area 7,100,22,0.05863,2
Area 7,100,28,0.0263,0
Area 7,100,32,0.34875,1
Area 7,100,36,0.40629,0
Area 7,100,42,1.07185,3
Area 7,100,50,1.98879,4
Area 7,100,57,0.10154,4
Area 7,100,59,0.03792,0
Area 7,100,63,0.20163,3
Area 7,100,67,0.05312,0
Area 7,100,69,0.29921,2
Area 7,100,70,3.07944,15
Area 7,100,71,0.1599,1
Area 7,100,77,0.05415,0
Area 7,100,79,0.21662,2
Area 7,100,84,0.14653,2
Area 7,100,85,0.77261,0
Area 7,100,88,0.26667,1
Area 7,100,95,0.99802,4
Area 7,100,100,0.26663,3
Area 7,150,3,0.07331,0
Area 7,150,5,0.33753,0
Area 7,150,6,0.40416,0
Area 7,150,7,0.63674,0
Area 7,150,8,1.50004,2
Area 7,150,9,2.2057,11
Area 7,150,10,5.47811,7
Area 7,150,11,5.46404,3
Area 7,150,12,7.45835,10
Area 7,150,13,4.2624,3
Area 7,150,14,6.92566,2
Area 7,150,15,17.64664,34
Area 7,150,16,3.2088,1
Area 7,150,17,2.82825,1
Area 7,150,18,0.081,0
Area 7,150,19,1.6858,1
Area 7,150,20,1.02732,1
Area 7,150,21,1.72075,0
Area 7,150,22,40.47534,58
Area 7,150,23,0.38138,0
Area 7,150,24,1.7858,1
Area 7,150,25,0.56377,1
Area 7,150,26,0.69115,1
Area 7,150,27,0.07974,0
Area 7,150,28,0.17775,0
Area 7,150,29,0.09687,0
Area 7,150,31,0.14129,0
Area 7,150,32,47.49139,65
Area 7,150,33,0.08752,2
Area 7,150,35,0.1374,2
Area 7,150,36,22.95567,72
Area 7,150,37,0.57406,2
Area 7,150,38,0.13661,0
Area 7,150,39,0.32415,0
Area 7,150,40,0.34189,0
Area 7,150,42,53.89081,95
Area 7,150,43,0.07827,0
Area 7,150,44,0.05292,0
Area 7,150,45,0.39559,10
Area 7,150,48,0.27356,2
Area 7,150,49,0.02651,2
Area 7,150,50,94.18422,244
Area 7,150,54,1.97296,2
Area 7,150,55,0.52872,0
Area 7,150,57,0.14079,1
Area 7,150,59,0.99988,0
Area 7,150,63,0.54937,0
Area 7,150,67,0.06945,1
Area 7,150,68,0.29735,0
Area 7,150,69,0.25448,2
Area 7,150,70,48.04162,154
Area 7,150,71,3.50647,11
Area 7,150,77,0.84872,3
Area 7,150,79,1.15427,9
Area 7,150,84,0.29322,5
Area 7,150,85,45.45911,100
Area 7,150,88,0.17616,3
Area 7,150,92,0.05189,0
Area 7,150,93,0.54891,0
Area 7,150,94,1.18481,1
Area 7,150,95,16.69648,62
Area 7,150,100,0.4911,1
Area 7,225,5,0.6852,0
Area 7,225,6,0.40136,0
Area 7,225,7,0.30053,0
Area 7,225,8,0.76209,0
Area 7,225,9,1.09963,1
Area 7,225,10,0.77823,1
Area 7,225,11,1.63682,1
Area 7,225,12,2.97602,1
Area 7,225,13,0.56993,0
Area 7,225,14,2.77315,0
Area 7,225,15,18.24414,18
Area 7,225,16,0.01564,0
Area 7,225,17,0.42801,0
Area 7,225,18,0.38208,0
Area 7,225,19,1.58208,0
Area 7,225,20,1.57715,1
Area 7,225,21,1.33432,0
Area 7,225,22,26.99186,32
Area 7,225,23,0.86534,1
Area 7,225,24,2.47576,1
Area 7,225,25,1.45749,0
Area 7,225,26,1.33961,1
Area 7,225,27,1.07606,2
Area 7,225,28,0.45507,0
Area 7,225,29,0.44799,1
Area 7,225,31,0.38969,0
Area 7,225,32,62.17639,44
Area 7,225,33,0.86101,1
Area 7,225,35,0.71951,0
Area 7,225,36,19.15749,28
Area 7,225,37,0.22799,0
Area 7,225,38,0.35435,0
Area 7,225,39,1.83593,0
Area 7,225,40,0.57647,0
Area 7,225,42,78.79865,72
Area 7,225,43,0.40434,1
Area 7,225,44,0.51884,2
Area 7,225,45,2.96032,1
Area 7,225,48,1.1375,0
Area 7,225,49,0.2908,0
Area 7,225,50,77.75982,78
Area 7,225,54,0.38619,0
Area 7,225,55,0.123,0
Area 7,225,59,0.4935,0
Area 7,225,63,0.09508,0
Area 7,225,67,0.0554,0
Area 7,225,69,0.2329,1
Area 7,225,70,115.96745,168
Area 7,225,71,8.13471,13
Area 7,225,77,1.59141,2
Area 7,225,79,1.0488,4
Area 7,225,84,0.16465,4
Area 7,225,85,183.25183,295
Area 7,225,88,0.23645,2
Area 7,225,92,0.12131,0
Area 7,225,93,0.07204,0
Area 7,225,94,2.7529,5
Area 7,225,95,124.16563,279
Area 7,300,5,0.44472,0
Area 7,300,9,0.00593,0
Area 7,300,10,0.15964,0
Area 7,300,12,0.59774,0
Area 7,300,13,0.00756,0
Area 7,300,15,6.38643,3
Area 7,300,18,0.60051,0
Area 7,300,19,0.30709,0
Area 7,300,20,0.14225,0
Area 7,300,21,0.29689,0
Area 7,300,22,4.76514,6
Area 7,300,23,0.34619,0
Area 7,300,24,0.46926,0
Area 7,300,25,0.47595,0
Area 7,300,26,0.52045,0
Area 7,300,27,0.50782,1
Area 7,300,29,0.24341,0
Area 7,300,31,0.04463,0
Area 7,300,32,7.80945,1
Area 7,300,35,0.17951,0
Area 7,300,36,1.70472,4
Area 7,300,37,0.0059,0
Area 7,300,38,0.03776,0
Area 7,300,39,0.22946,1
Area 7,300,40,0.88258,0
Area 7,300,42,11.77359,8
Area 7,300,43,0.31547,0
Area 7,300,45,1.11811,1
Area 7,300,48,0.16031,0
Area 7,300,49,0.10247,0
Area 7,300,50,11.50807,10
Area 7,300,59,0.072,0
Area 7,300,63,0.21115,0
Area 7,300,70,11.84153,9
Area 7,300,71,1.22483,1
Area 7,300,77,0.87211,1
Area 7,300,79,0.0498,0
Area 7,300,85,26.90735,37
Area 7,300,93,0.41627,1
Area 7,300,94,0.485,2
Area 7,300,95,24.91105,36
Area 7,300,100,0.16246,0
Area 7,375,5,0.04051,0
Area 7,375,8,0.0117,0
Area 7,375,9,0.00528,0
Area 7,375,10,0.33557,0
Area 7,375,11,0.00681,0
Area 7,375,13,0.21507,0
Area 7,375,14,0.09936,0
Area 7,375,15,1.57963,0
Area 7,375,19,0.17748,0
Area 7,375,20,0.03206,0
Area 7,375,21,0.25689,0
Area 7,375,22,1.6549,0
Area 7,375,24,0.166,0
Area 7,375,25,0.2147,0
Area 7,375,26,0.06284,0
Area 7,375,27,0.21616,0
Area 7,375,29,0.07611,0
Area 7,375,32,2.0401,1
Area 7,375,35,0.10929,0
Area 7,375,36,0.33894,0
Area 7,375,42,3.27925,1
Area 7,375,44,0.26549,1
Area 7,375,45,0.23964,0
Area 7,375,49,0.00863,0
Area 7,375,50,3.36394,4
Area 7,375,70,4.25433,2
Area 7,375,71,0.07409,0
Area 7,375,85,7.73102,6
Area 7,375,94,0.26182,2
Area 7,375,95,7.46002,12
Area 7,450,15,0.8722,0
Area 7,450,16,0.04861,0
Area 7,450,22,0.48995,0
Area 7,450,23,0.11257,0
Area 7,450,24,0.21172,1
Area 7,450,25,0.06619,0
Area 7,450,26,0.02162,0
Area 7,450,32,0.92774,0
Area 7,450,36,0.05954,0
Area 7,450,42,0.8693,0
Area 7,450,45,0.22415,0
Area 7,450,50,1.60573,0
Area 7,450,59,0.09593,0
Area 7,450,70,1.15259,0
Area 7,450,77,0.04228,0
Area 7,450,85,1.99616,0
Area 7,450,94,0.04304,0
Area 7,450,95,2.0284,2
Area 7,600,11,0.00991,0
Area 7,600,19,0.03238,0
Area 7,600,22,0.24262,0
Area 7,600,24,0.07964,0
Area 7,600,32,0.25534,0
Area 7,600,36,0.097,0
Area 7,600,42,0.07368,0
Area 7,600,45,0.071,0
Area 7,600,50,0.29306,0
Area 7,600,70,0.15587,0
Area 7,600,71,0.09892,0
Area 7,600,77,0.10981,0
Area 7,600,85,0.6556,0
Area 7,600,95,0.05142,0
Area 7,900,15,0.01649,0
Area 7,900,24,0.04049,0
Area 7,900,32,0.14146,0
Area 7,900,85,0.3514,1
Area 7,900,94,0.17117,0
Area 7,900,95,0.07127,0
Area 7,1050,5,0.04579,0
Area 7,1050,15,0.06865,0
Area 7,1050,19,0.02838,0
Area 7,1050,32,0.17353,0
Area 7,1050,42,0.95813,1
Area 7,1050,45,0.08062,0
Area 7,1050,50,0.04607,0
Area 7,1050,70,0.1657,0
Area 7,1050,85,0.11512,0
Area 7,1050,95,0.02441,0
Area 8,100,5,0.00819,0
Area 8,100,7,0.00534,0
Area 8,100,8,0.02127,0
Area 8,100,9,0.04577,1
Area 8,100,10,0.01423,0
Area 8,100,12,0.74412,0
Area 8,100,15,4.3632,0
Area 8,100,22,0.2397,0
Area 8,100,32,0.3533,1
Area 8,100,36,1.80241,2
Area 8,100,39,0.1033,0
Area 8,100,42,0.52578,2
Area 8,100,50,1.67629,3
Area 8,100,53,0.01624,0
Area 8,100,61,0.0188,1
Area 8,100,70,3.68202,5
Area 8,100,71,0.14416,0
Area 8,100,77,0.22014,0
Area 8,100,85,1.68106,1
Area 8,100,91,0.03653,0
Area 8,100,93,0.02735,0
Area 8,100,95,0.67843,3
Area 8,150,3,0.57474,0
Area 8,150,5,0.02684,0
Area 8,150,6,0.14024,0
Area 8,150,7,0.11829,0
Area 8,150,8,1.44825,1
Area 8,150,9,1.17107,0
Area 8,150,10,2.34262,1
Area 8,150,11,1.92934,0
Area 8,150,12,25.95021,46
Area 8,150,13,3.53352,0
Area 8,150,14,2.80797,3
Area 8,150,15,27.89088,39
Area 8,150,16,0.274,0
Area 8,150,17,1.28465,1
Area 8,150,18,0.52806,1
Area 8,150,19,0.66657,0
Area 8,150,20,0.88922,0
Area 8,150,21,0.41983,0
Area 8,150,22,37.81608,42
Area 8,150,23,0.6088,0
Area 8,150,24,0.23852,0
Area 8,150,25,1.36488,0
Area 8,150,27,0.28014,0
Area 8,150,28,0.47024,0
Area 8,150,29,0.31022,0
Area 8,150,31,0.24423,2
Area 8,150,32,40.62638,40
Area 8,150,33,0.95103,0
Area 8,150,34,0.39582,0
Area 8,150,36,42.77949,84
Area 8,150,37,0.13834,1
Area 8,150,38,0.6022,0
Area 8,150,39,0.80659,0
Area 8,150,40,0.41338,0
Area 8,150,42,64.02702,135
Area 8,150,43,0.16612,0
Area 8,150,45,0.55666,1
Area 8,150,47,0.2012,1
Area 8,150,48,0.69519,5
Area 8,150,49,0.9531,3
Area 8,150,50,120.42752,233
Area 8,150,53,0.10218,2
Area 8,150,61,0.20227,1
Area 8,150,70,72.77704,195
Area 8,150,71,6.54368,18
Area 8,150,77,0.94174,0
Area 8,150,85,63.7584,96
Area 8,150,89,0.87395,3
Area 8,150,91,0.33257,6
Area 8,150,93,0.28365,0
Area 8,150,94,0.89893,0
Area 8,150,95,18.23725,37
Area 8,225,3,0.42495,0
Area 8,225,5,0.28553,1
Area 8,225,6,0.15277,0
Area 8,225,7,0.50553,1
Area 8,225,8,0.12095,0
Area 8,225,9,0.77575,1
Area 8,225,10,0.72909,2
Area 8,225,11,0.84098,0
Area 8,225,12,61.86227,88
Area 8,225,13,2.8301,1
Area 8,225,14,0.31002,0
Area 8,225,15,18.67578,18
Area 8,225,16,0.36812,0
Area 8,225,17,0.75531,1
Area 8,225,18,1.46997,0
Area 8,225,19,1.0904,3
Area 8,225,20,2.40569,3
Area 8,225,21,0.5698,0
Area 8,225,22,34.50646,19
Area 8,225,23,0.97211,0
Area 8,225,24,0.12029,0
Area 8,225,25,1.29784,2
Area 8,225,27,0.31773,0
Area 8,225,29,0.94274,1
Area 8,225,31,0.16378,0
Area 8,225,32,71.56724,53
Area 8,225,33,0.4895,0
Area 8,225,34,0.02603,0
Area 8,225,35,0.08555,0
Area 8,225,36,64.99226,69
Area 8,225,37,0.67503,0
Area 8,225,38,0.43004,1
Area 8,225,39,0.893,2
Area 8,225,40,0.77251,1
Area 8,225,42,90.37109,74
Area 8,225,45,0.68743,0
Area 8,225,46,0.1146,0
Area 8,225,47,0.73746,2
Area 8,225,48,0.48433,0
Area 8,225,49,0.36394,0
Area 8,225,50,83.85607,95
Area 8,225,53,0.0466,0
Area 8,225,61,0.18263,0
Area 8,225,70,81.13645,101
Area 8,225,71,26.72972,53
Area 8,225,77,2.12155,6
Area 8,225,85,159.98402,198
Area 8,225,89,1.38634,3
Area 8,225,91,0.31186,0
Area 8,225,93,0.08397,0
Area 8,225,94,0.45423,0
Area 8,225,95,49.27008,45
Area 8,300,5,0.05994,0
Area 8,300,6,0.00351,0
Area 8,300,8,0.05911,1
Area 8,300,9,0.26062,1
Area 8,300,10,0.03161,0
Area 8,300,11,0.01983,0
Area 8,300,12,8.93765,21
Area 8,300,13,0.82768,0
Area 8,300,15,7.11237,7
Area 8,300,19,0.16661,0
Area 8,300,20,0.69353,1
Area 8,300,22,7.02635,4
Area 8,300,23,0.11564,0
Area 8,300,25,0.44552,0
Area 8,300,28,0.02202,0
Area 8,300,32,5.55951,2
Area 8,300,33,0.17335,0
Area 8,300,34,0.0933,0
Area 8,300,35,0.05303,0
Area 8,300,36,7.73811,12
Area 8,300,37,0.04031,0
Area 8,300,38,0.17046,0
Area 8,300,40,0.21227,1
Area 8,300,42,8.95245,6
Area 8,300,43,0.01315,0
Area 8,300,45,0.49029,4
Area 8,300,47,0.07637,0
Area 8,300,48,0.09498,0
Area 8,300,49,0.08459,0
Area 8,300,50,14.314,16
Area 8,300,61,0.02683,0
Area 8,300,70,11.70839,8
Area 8,300,71,5.44261,15
Area 8,300,77,0.80179,2
Area 8,300,85,37.32629,46
Area 8,300,89,0.75032,0
Area 8,300,91,0.23576,0
Area 8,300,95,12.45788,12
Area 8,375,6,0.25505,0
Area 8,375,8,0.05023,0
Area 8,375,11,0.05339,0
Area 8,375,12,3.07627,6
Area 8,375,13,0.00563,0
Area 8,375,15,1.31646,2
Area 8,375,19,0.03006,0
Area 8,375,20,0.1582,0
Area 8,375,21,0.02957,0
Area 8,375,22,1.39719,1
Area 8,375,29,0.0494,0
Area 8,375,32,1.83015,0
Area 8,375,34,0.02751,0
Area 8,375,36,2.47828,0
Area 8,375,39,0.19691,0
Area 8,375,42,3.13434,2
Area 8,375,45,0.07545,0
Area 8,375,47,0.3709,0
Area 8,375,48,0.10131,0
Area 8,375,50,5.04486,9
Area 8,375,70,4.1658,8
Area 8,375,71,2.2006,0
Area 8,375,77,0.05467,0
Area 8,375,85,11.52018,17
Area 8,375,89,0.28793,0
Area 8,375,95,2.45876,2
Area 8,450,10,0.008,0
Area 8,450,11,0.02599,0
Area 8,450,12,1.16402,3
Area 8,450,13,0.01046,0
Area 8,450,14,0.04407,0
Area 8,450,15,1.86756,2
Area 8,450,20,0.03436,0
Area 8,450,22,0.6815,2
Area 8,450,32,0.9204,0
Area 8,450,34,0.01019,0
Area 8,450,36,1.14201,0
Area 8,450,38,0.1299,0
Area 8,450,39,0.09165,0
Area 8,450,42,1.68188,2
Area 8,450,49,0.01288,1
Area 8,450,50,2.66202,0
Area 8,450,53,0.0039,0
Area 8,450,61,0.10165,0
Area 8,450,70,3.43914,0
Area 8,450,71,1.01544,0
Area 8,450,77,0.10416,0
Area 8,450,85,5.65715,4
Area 8,450,89,0.15196,0
Area 8,450,95,1.41062,2
Area 8,600,3,0.00376,0
Area 8,600,12,0.32768,0
Area 8,600,13,0.19143,0
Area 8,600,15,0.14437,2
Area 8,600,20,0.12808,0
Area 8,600,22,0.41726,1
Area 8,600,29,0.07683,0
Area 8,600,36,0.1288,0
Area 8,600,42,0.36783,0
Area 8,600,45,0.29538,1
Area 8,600,50,0.87485,0
Area 8,600,70,0.21832,0
Area 8,600,71,0.43733,0
Area 8,600,85,2.30881,1
Area 8,600,89,0.09988,0
Area 8,600,95,0.07862,0
Area 8,900,12,0.05412,1
Area 8,900,13,0.12259,0
Area 8,900,15,0.75079,0
Area 8,900,22,0.34616,0
Area 8,900,32,0.14771,1
Area 8,900,36,0.05189,0
Area 8,900,42,0.13279,0
Area 8,900,50,0.15818,0
Area 8,900,70,0.04272,0
Area 8,900,85,0.22127,0
Area 8,900,95,0.05,0
Area 8,1050,3,0.04942,0
Area 8,1050,5,0.03099,1
Area 8,1050,11,0.0477,0
Area 8,1050,12,0.21872,0
Area 8,1050,14,0.96399,1
Area 8,1050,15,0.06489,0
Area 8,1050,18,0.03718,0
Area 8,1050,20,0.02242,0
Area 8,1050,36,0.07239,0
Area 8,1050,50,0.19718,0
Area 8,1050,71,0.25176,0
Area 8,1050,85,0.09629,0
Area 9,100,6,0.00398,0
Area 9,100,7,0.07184,1
Area 9,100,8,0.00992,0
Area 9,100,9,0.05277,0
Area 9,100,10,0.03443,0
Area 9,100,12,0.2085,0
Area 9,100,15,0.47723,0
Area 9,100,21,0.00674,0
Area 9,100,22,0.65022,4
Area 9,100,23,0.01,0
Area 9,100,24,0.05261,0
Area 9,100,32,0.37625,0
Area 9,100,33,0.12318,0
Area 9,100,36,2.6268,18
Area 9,100,38,0.02483,0
Area 9,100,39,0.04769,0
Area 9,100,42,0.84261,5
Area 9,100,45,0.05293,0
Area 9,100,46,0.05648,0
Area 9,100,48,0.04386,0
Area 9,100,50,1.00796,2
Area 9,100,63,0.02622,0
Area 9,100,66,0.04679,0
Area 9,100,68,0.0874,1
Area 9,100,70,1.07502,4
Area 9,100,71,0.07888,0
Area 9,100,84,0.03955,0
Area 9,100,85,1.02058,2
Area 9,100,94,0.07907,0
Area 9,100,95,0.38202,1
Area 9,150,3,0.04348,0
Area 9,150,5,0.01635,0
Area 9,150,6,1.51277,0
Area 9,150,7,1.13791,0
Area 9,150,8,0.6204,1
Area 9,150,9,0.92774,0
Area 9,150,10,2.41703,3
Area 9,150,11,1.74122,2
Area 9,150,12,10.73267,6
Area 9,150,13,1.69249,4
Area 9,150,14,1.33669,1
Area 9,150,15,17.3875,24
Area 9,150,16,0.554,1
Area 9,150,17,0.88459,0
Area 9,150,18,0.79309,0
Area 9,150,20,0.77751,1
Area 9,150,21,0.64492,0
Area 9,150,22,42.59618,45
Area 9,150,23,2.04903,2
Area 9,150,24,0.31781,0
Area 9,150,25,0.00706,0
Area 9,150,26,0.27182,3
Area 9,150,27,0.025,0
Area 9,150,28,0.14722,0
Area 9,150,31,0.59304,0
Area 9,150,32,36.21263,41
Area 9,150,33,0.45068,1
Area 9,150,34,0.34904,0
Area 9,150,35,0.23586,1
Area 9,150,36,73.657,111
Area 9,150,38,0.34448,1
Area 9,150,39,0.11297,0
Area 9,150,40,0.02234,0
Area 9,150,42,33.68225,56
Area 9,150,43,0.19817,0
Area 9,150,44,0.08836,0
Area 9,150,45,1.25358,2
Area 9,150,46,0.05397,0
Area 9,150,47,0.64622,2
Area 9,150,48,1.33027,2
Area 9,150,49,0.22247,1
Area 9,150,50,71.65766,160
Area 9,150,53,0.10349,0
Area 9,150,63,0.01298,0
Area 9,150,66,0.07174,0
Area 9,150,68,0.45138,2
Area 9,150,70,39.64092,76
Area 9,150,71,1.57141,8
Area 9,150,77,2.20306,3
Area 9,150,84,0.42932,0
Area 9,150,85,51.18441,145
Area 9,150,88,0.44904,1
Area 9,150,89,0.33496,0
Area 9,150,91,0.3486,0
Area 9,150,93,0.22248,0
Area 9,150,94,0.28478,0
Area 9,150,95,27.48207,42
Area 9,225,3,0.0367,0
Area 9,225,5,0.34457,0
Area 9,225,6,0.08743,0
Area 9,225,7,0.24653,0
Area 9,225,8,0.01963,0
Area 9,225,9,0.26367,0
Area 9,225,10,0.61135,1
Area 9,225,11,0.66136,0
Area 9,225,12,7.82195,3
Area 9,225,13,0.18284,0
Area 9,225,14,0.32354,0
Area 9,225,15,13.60184,11
Area 9,225,16,0.03386,0
Area 9,225,18,0.06169,0
Area 9,225,20,0.88808,0
Area 9,225,21,0.12808,0
Area 9,225,22,20.1234,19
Area 9,225,23,1.62905,0
Area 9,225,24,0.87147,0
Area 9,225,26,0.75217,0
Area 9,225,31,0.85037,1
Area 9,225,32,52.42512,38
Area 9,225,33,1.21718,0
Area 9,225,35,0.43804,0
Area 9,225,36,19.2201,8
Area 9,225,38,2.08045,2
Area 9,225,39,0.0287,0
Area 9,225,40,0.82748,0
Area 9,225,42,74.36412,72
Area 9,225,43,0.10627,0
Area 9,225,44,0.96112,0
Area 9,225,45,2.47975,4
Area 9,225,46,0.081,0
Area 9,225,47,0.64524,0
Area 9,225,48,1.19317,0
Area 9,225,50,66.86017,82
Area 9,225,53,0.56113,0
Area 9,225,57,0.08778,0
Area 9,225,59,0.0214,0
Area 9,225,63,0.01589,0
Area 9,225,66,0.05192,0
Area 9,225,68,0.08513,1
Area 9,225,69,0.23539,0
Area 9,225,70,62.43313,103
Area 9,225,71,5.86036,15
Area 9,225,77,8.07006,14
Area 9,225,84,0.46037,0
Area 9,225,85,147.52501,286
Area 9,225,89,1.197,8
Area 9,225,91,0.13481,0
Area 9,225,92,0.01672,0
Area 9,225,93,0.17959,1
Area 9,225,94,0.14402,1
Area 9,225,95,55.44183,82
Area 9,300,3,0.01983,0
Area 9,300,5,0.45945,0
Area 9,300,6,0.03499,0
Area 9,300,7,0.08374,0
Area 9,300,8,0.05983,0
Area 9,300,9,0.1221,0
Area 9,300,10,0.22649,1
Area 9,300,12,0.93253,0
Area 9,300,13,0.26098,1
Area 9,300,15,2.55753,1
Area 9,300,20,0.20696,0
Area 9,300,21,0.00369,0
Area 9,300,22,3.97847,4
Area 9,300,23,0.73728,0
Area 9,300,26,0.12093,0
Area 9,300,31,0.28486,0
Area 9,300,32,5.83376,7
Area 9,300,33,0.26764,0
Area 9,300,34,0.1181,0
Area 9,300,35,0.07597,0
Area 9,300,36,2.89026,3
Area 9,300,37,0.07277,0
Area 9,300,38,0.36211,0
Area 9,300,42,7.61744,6
Area 9,300,45,0.43775,1
Area 9,300,46,0.07867,0
Area 9,300,47,0.65085,0
Area 9,300,48,0.17636,0
Area 9,300,49,0.06697,0
Area 9,300,50,10.7843,12
Area 9,300,53,0.05393,0
Area 9,300,57,0.05987,0
Area 9,300,66,0.07706,0
Area 9,300,70,11.36945,8
Area 9,300,71,0.41902,0
Area 9,300,77,2.40101,3
Area 9,300,85,21.9485,31
Area 9,300,89,0.74033,0
Area 9,300,95,8.45157,9
Area 9,375,12,0.14995,0
Area 9,375,15,1.35193,1
Area 9,375,22,1.03882,0
Area 9,375,23,0.08732,0
Area 9,375,31,0.04762,0
Area 9,375,32,2.47864,0
Area 9,375,33,0.14326,0
Area 9,375,36,0.30216,0
Area 9,375,38,0.03712,0
Area 9,375,42,1.05395,4
Area 9,375,45,0.08371,0
Area 9,375,48,0.23841,0
Area 9,375,50,1.71885,1
Area 9,375,53,0.00707,0
Area 9,375,70,4.77881,4
Area 9,375,71,0.58265,1
Area 9,375,77,0.39125,0
Area 9,375,85,5.36965,9
Area 9,375,88,0.00583,0
Area 9,375,89,0.14582,0
Area 9,375,95,1.88397,1
Area 9,450,8,0.09752,0
Area 9,450,9,0.00232,0
Area 9,450,11,0.14642,0
Area 9,450,13,0.04644,0
Area 9,450,15,0.49484,0
Area 9,450,18,0.00806,0
Area 9,450,22,0.6593,0
Area 9,450,25,0.1055,0
Area 9,450,31,0.13695,0
Area 9,450,32,0.45233,0
Area 9,450,36,0.29829,0
Area 9,450,38,0.001,0
Area 9,450,42,0.99291,1
Area 9,450,48,0.0778,0
Area 9,450,50,1.54894,2
Area 9,450,70,1.24818,4
Area 9,450,71,0.05977,0
Area 9,450,77,0.52351,0
Area 9,450,84,0.00574,0
Area 9,450,85,2.98922,2
Area 9,450,89,0.10557,0
Area 9,450,95,0.81457,1
Area 9,600,3,0.05933,0
Area 9,600,10,0.00773,0
Area 9,600,15,0.30581,0
Area 9,600,22,0.0117,0
Area 9,600,23,0.02327,0
Area 9,600,32,0.06111,0
Area 9,600,34,0.08926,1
Area 9,600,36,0.0424,0
Area 9,600,42,0.69258,0
Area 9,600,50,0.33084,0
Area 9,600,70,0.03505,0
Area 9,600,71,0.08823,0
Area 9,600,77,0.05249,0
Area 9,600,85,0.76889,0
Area 9,600,89,0.09131,0
Area 9,600,95,0.51276,0
Area 9,900,3,0.12144,0
Area 9,900,15,0.20301,0
Area 9,900,22,0.07422,0
Area 9,900,32,0.06412,0
Area 9,900,42,0.33379,0
Area 9,900,50,0.29718,0
Area 9,900,70,0.32998,0
Area 9,900,85,0.73261,0
Area 9,1050,7,0.06011,0
Area 9,1050,22,0.22911,0
Area 9,1050,70,1.51636,1
Area 9,1050,95,0.24193,0
Area 10,100,6,0.00489,0
Area 10,100,8,0.01902,0
Area 10,100,9,0.00962,0
Area 10,100,15,0.10849,0
Area 10,100,22,0.09272,0
Area 10,100,32,0.22471,0
Area 10,100,36,0.005,0
Area 10,100,42,0.51058,2
Area 10,100,45,0.09837,0
Area 10,100,48,0.08596,0
Area 10,100,50,0.9432,3
Area 10,100,59,0.0113,0
Area 10,100,63,0.09374,0
Area 10,100,68,0.01496,0
Area 10,100,69,0.0622,0
Area 10,100,70,0.861,0
Area 10,100,71,0.29378,2
Area 10,100,77,0.08975,0
Area 10,100,79,0.06055,0
Area 10,100,85,0.93546,1
Area 10,100,95,0.15762,4
Area 10,150,3,0.06246,0
Area 10,150,6,0.10991,1
Area 10,150,7,1.63067,0
Area 10,150,8,1.2247,0
Area 10,150,9,2.30272,6
Area 10,150,10,1.81235,1
Area 10,150,11,1.44917,3
Area 10,150,12,3.49952,6
Area 10,150,13,0.22688,0
Area 10,150,14,0.83695,0
Area 10,150,15,8.80974,15
Area 10,150,16,0.06945,0
Area 10,150,17,0.30934,1
Area 10,150,20,0.30684,2
Area 10,150,21,0.07737,0
Area 10,150,22,16.0112,13
Area 10,150,23,0.16368,0
Area 10,150,25,0.13688,1
Area 10,150,26,0.10674,0
Area 10,150,28,0.76488,2
Area 10,150,29,0.01931,0
Area 10,150,32,14.87328,22
Area 10,150,33,0.10267,0
Area 10,150,34,0.04011,0
Area 10,150,35,0.23849,0
Area 10,150,36,3.51358,10
Area 10,150,39,0.05201,0
Area 10,150,42,29.26844,92
Area 10,150,43,0.0873,0
Area 10,150,45,1.65834,3
Area 10,150,47,0.61849,0
Area 10,150,48,0.22203,3
Area 10,150,49,0.05099,0
Area 10,150,50,43.37294,93
Area 10,150,55,0.02607,1
Area 10,150,59,0.11705,0
Area 10,150,61,0.17546,1
Area 10,150,63,0.00821,0
Area 10,150,67,0.16875,0
Area 10,150,68,0.34343,3
Area 10,150,69,0.16956,1
Area 10,150,70,34.84367,108
Area 10,150,71,4.27298,12
Area 10,150,77,0.1959,3
Area 10,150,79,0.13103,0
Area 10,150,85,41.22409,110
Area 10,150,91,0.28012,0
Area 10,150,94,0.09234,2
Area 10,150,95,25.37823,110
Area 10,225,3,0.09401,0
Area 10,225,5,0.03406,0
Area 10,225,6,0.23856,0
Area 10,225,7,0.18778,0
Area 10,225,8,0.17087,0
Area 10,225,9,0.18461,1
Area 10,225,10,0.17563,0
Area 10,225,11,0.4432,0
Area 10,225,12,24.02617,37
Area 10,225,13,0.50748,0
Area 10,225,14,0.54605,0
Area 10,225,15,23.00045,38
Area 10,225,16,0.27943,0
Area 10,225,17,0.22126,0
Area 10,225,19,0.44179,0
Area 10,225,20,0.49812,0
Area 10,225,21,0.474,3
Area 10,225,22,47.42765,58
Area 10,225,23,1.42796,1
Area 10,225,24,0.59554,1
Area 10,225,25,0.29455,0
Area 10,225,26,2.14578,0
Area 10,225,28,0.19166,0
Area 10,225,29,1.7473,2
Area 10,225,32,77.91022,80
Area 10,225,33,0.09073,0
Area 10,225,34,0.50003,2
Area 10,225,35,1.49786,0
Area 10,225,36,38.78614,62
Area 10,225,39,0.14733,0
Area 10,225,42,125.77641,156
Area 10,225,43,0.54294,0
Area 10,225,45,7.88767,9
Area 10,225,47,1.51964,3
Area 10,225,48,0.81903,0
Area 10,225,49,0.09156,0
Area 10,225,50,107.8099,172
Area 10,225,59,0.08331,0
Area 10,225,61,0.08436,1
Area 10,225,66,0.25744,0
Area 10,225,67,3.05803,1
Area 10,225,68,1.93789,5
Area 10,225,69,1.06944,2
Area 10,225,70,115.5321,213
Area 10,225,71,33.85813,82
Area 10,225,77,2.60378,2
Area 10,225,84,0.01015,0
Area 10,225,85,236.56061,405
Area 10,225,91,0.36665,2
Area 10,225,94,3.47386,3
Area 10,225,95,103.48542,256
Area 10,300,5,0.08733,0
Area 10,300,6,0.10448,0
Area 10,300,7,0.05781,0
Area 10,300,8,0.01443,0
Area 10,300,9,0.6399,0
Area 10,300,10,0.0063,0
Area 10,300,11,0.17072,0
Area 10,300,12,5.83793,2
Area 10,300,13,0.12749,0
Area 10,300,15,4.63861,10
Area 10,300,16,0.03505,0
Area 10,300,17,0.0632,0
Area 10,300,22,7.66968,11
Area 10,300,23,0.13887,0
Area 10,300,25,0.06278,0
Area 10,300,26,0.54928,0
Area 10,300,29,0.7144,0
Area 10,300,32,6.98924,10
Area 10,300,34,0.16061,0
Area 10,300,35,0.03707,0
Area 10,300,36,2.99129,3
Area 10,300,42,15.76047,10
Area 10,300,45,2.45664,6
Area 10,300,47,0.53551,0
Area 10,300,49,0.21034,0
Area 10,300,50,13.05675,21
Area 10,300,59,0.03949,0
Area 10,300,66,0.16912,0
Area 10,300,67,0.63048,2
Area 10,300,68,0.53181,2
Area 10,300,69,0.40904,0
Area 10,300,70,10.78008,13
Area 10,300,71,3.90009,7
Area 10,300,77,0.08581,0
Area 10,300,85,23.57681,41
Area 10,300,91,0.43405,0
Area 10,300,94,0.39543,0
Area 10,300,95,14.79077,18
Area 10,375,6,0.03243,0
Area 10,375,9,0.00838,0
Area 10,375,12,2.18007,3
Area 10,375,13,0.04315,0
Area 10,375,15,2.14335,0
Area 10,375,17,0.16116,1
Area 10,375,20,0.19153,0
Area 10,375,22,3.20295,0
Area 10,375,23,0.04869,0
Area 10,375,25,0.08191,0
Area 10,375,26,0.09916,0
Area 10,375,32,3.62722,2
Area 10,375,34,0.025,0
Area 10,375,36,0.64068,2
Area 10,375,42,6.49793,5
Area 10,375,45,0.96282,1
Area 10,375,47,0.56167,0
Area 10,375,48,0.18912,2
Area 10,375,50,5.50162,4
Area 10,375,66,0.06618,0
Area 10,375,67,0.54734,0
Area 10,375,68,0.34294,1
Area 10,375,69,0.18684,0
Area 10,375,70,4.40387,8
Area 10,375,71,1.0288,1
Area 10,375,77,0.10176,0
Area 10,375,79,0.02572,0
Area 10,375,85,11.96773,21
Area 10,375,91,0.33842,0
Area 10,375,94,0.39949,1
Area 10,375,95,6.19929,5
Area 10,450,12,1.37598,1
Area 10,450,15,1.58031,1
Area 10,450,22,1.99372,1
Area 10,450,28,0.09151,0
Area 10,450,32,2.49234,2
Area 10,450,36,0.44238,1
Area 10,450,42,3.49421,4
Area 10,450,43,0.0322,0
Area 10,450,45,0.33745,1
Area 10,450,47,0.0328,0
Area 10,450,50,2.88927,1
Area 10,450,67,0.05255,1
Area 10,450,68,0.0578,0
Area 10,450,69,0.07045,0
Area 10,450,70,1.23378,0
Area 10,450,71,0.65147,0
Area 10,450,85,5.03573,2
Area 10,450,95,1.26529,2
Area 10,600,9,0.02156,0
Area 10,600,11,0.01745,0
Area 10,600,12,0.16378,0
Area 10,600,15,1.25642,1
Area 10,600,22,1.24307,0
Area 10,600,25,0.68521,0
Area 10,600,32,0.81032,0
Area 10,600,34,0.32463,0
Area 10,600,35,0.24207,0
Area 10,600,42,2.90213,1
Area 10,600,45,0.17096,0
Area 10,600,47,0.56428,1
Area 10,600,50,4.3152,1
Area 10,600,67,0.06591,0
Area 10,600,68,0.08586,0
Area 10,600,70,2.35424,2
Area 10,600,85,2.61188,1
Area 10,600,91,0.34778,0
Area 10,600,95,1.67283,0
Area 10,900,11,0.14975,0
Area 10,900,15,0.28044,0
Area 10,900,22,0.03114,0
Area 10,900,32,0.36849,0
Area 10,900,42,0.30061,0
Area 10,900,43,0.20624,1
Area 10,900,45,0.14221,0
Area 10,900,47,0.17491,0
Area 10,900,50,1.0039,1
Area 10,900,70,0.67042,0
Area 10,900,85,0.60046,1
Area 10,900,95,0.73544,0
Area 10,1050,15,0.42307,0
Area 10,1050,22,0.3481,0
Area 10,1050,32,0.23621,1
Area 10,1050,42,0.47022,0
Area 10,1050,50,0.21174,0
Area 10,1050,67,0.08275,0
Area 10,1050,69,0.12682,0
Area 10,1050,70,0.10734,0
Area 10,1050,71,0.13623,0
Area 10,1050,85,0.40541,0
Area 10,1050,95,0.95993,0
Area 11,100,5,0.0106,2
Area 11,100,7,0.006,0
Area 11,100,9,0.0556,0
Area 11,100,10,0.005,0
Area 11,100,15,0.33422,3
Area 11,100,22,0.22684,0
Area 11,100,24,0.00412,0
Area 11,100,32,0.23847,1
Area 11,100,36,0.02441,0
Area 11,100,42,1.05424,9
Area 11,100,45,0.01627,0
Area 11,100,49,0.00636,0
Area 11,100,50,1.541,12
Area 11,100,69,0.02995,0
Area 11,100,70,0.77534,2
Area 11,100,71,0.04045,0
Area 11,100,84,0.01215,0
Area 11,100,85,0.56205,9
Area 11,100,91,0.02686,0
Area 11,100,92,0.0271,0
Area 11,100,93,0.03236,0
Area 11,100,95,0.73222,4
Area 11,150,3,0.04076,0
Area 11,150,5,0.31202,0
Area 11,150,6,0.29485,3
Area 11,150,7,0.60642,2
Area 11,150,8,3.36288,2
Area 11,150,9,1.03099,2
Area 11,150,10,2.64522,7
Area 11,150,11,4.12471,2
Area 11,150,12,15.903,19
Area 11,150,13,2.80259,1
Area 11,150,14,2.47178,5
Area 11,150,15,19.36015,30
Area 11,150,16,1.4179,0
Area 11,150,17,2.68555,0
Area 11,150,18,0.54808,0
Area 11,150,19,0.10093,0
Area 11,150,21,0.38108,1
Area 11,150,22,37.20813,43
Area 11,150,23,0.53805,1
Area 11,150,24,2.06838,2
Area 11,150,25,0.30041,0
Area 11,150,26,0.03361,0
Area 11,150,27,0.03953,0
Area 11,150,29,0.04985,0
Area 11,150,31,1.29204,3
Area 11,150,32,54.01605,79
Area 11,150,35,0.11099,0
Area 11,150,36,7.96696,18
Area 11,150,37,0.29037,0
Area 11,150,38,0.40532,0
Area 11,150,40,0.14154,0
Area 11,150,42,76.78316,216
Area 11,150,43,0.41089,1
Area 11,150,45,0.42491,1
Area 11,150,49,0.02302,0
Area 11,150,50,78.24424,180
Area 11,150,57,0.79204,0
Area 11,150,61,0.13355,0
Area 11,150,66,0.13512,3
Area 11,150,68,0.00407,0
Area 11,150,69,0.07238,1
Area 11,150,70,42.37604,88
Area 11,150,71,1.80719,1
Area 11,150,77,0.80794,2
Area 11,150,84,0.04556,0
Area 11,150,85,54.7044,96
Area 11,150,86,0.89242,3
Area 11,150,91,0.60234,0
Area 11,150,92,0.10982,0
Area 11,150,93,0.27983,0
Area 11,150,95,28.83168,66
Area 11,225,3,0.05737,0
Area 11,225,5,0.91952,1
Area 11,225,6,0.01514,0
Area 11,225,7,0.54636,0
Area 11,225,8,1.10846,2
Area 11,225,9,0.39755,0
Area 11,225,10,0.32258,2
Area 11,225,11,0.25461,1
Area 11,225,12,14.02396,8
Area 11,225,13,0.16073,0
Area 11,225,14,0.18367,0
Area 11,225,15,10.41869,14
Area 11,225,17,0.04743,0
Area 11,225,18,0.17482,0
Area 11,225,19,0.02805,0
Area 11,225,21,0.16835,0
Area 11,225,22,28.19131,33
Area 11,225,23,1.10936,0
Area 11,225,24,2.41466,0
Area 11,225,25,0.14307,0
Area 11,225,26,0.11551,0
Area 11,225,27,0.06811,0
Area 11,225,31,2.26588,0
Area 11,225,32,44.43241,32
Area 11,225,35,0.4233,1
Area 11,225,36,15.33862,22
Area 11,225,37,0.05185,0
Area 11,225,38,0.31231,2
Area 11,225,42,58.75268,54
Area 11,225,43,0.10492,2
Area 11,225,44,0.25584,0
Area 11,225,45,0.68308,1
Area 11,225,47,0.22958,0
Area 11,225,49,0.1512,0
Area 11,225,50,49.87186,77
Area 11,225,55,0.80468,0
Area 11,225,57,0.00636,0
Area 11,225,61,0.19233,0
Area 11,225,68,0.02302,0
Area 11,225,69,0.09621,0
Area 11,225,70,33.45053,46
Area 11,225,71,8.85006,20
Area 11,225,77,1.12735,1
Area 11,225,85,65.89415,95
Area 11,225,86,0.03463,0
Area 11,225,91,0.02883,0
Area 11,225,92,0.0035,0
Area 11,225,93,0.00917,0
Area 11,225,94,0.18946,1
Area 11,225,95,30.96966,56
Area 11,300,5,0.03085,1
Area 11,300,6,0.02299,0
Area 11,300,8,0.09966,0
Area 11,300,9,0.05513,0
Area 11,300,10,0.35216,0
Area 11,300,11,0.29946,1
Area 11,300,12,2.84634,5
Area 11,300,14,0.00612,0
Area 11,300,15,3.69302,2
Area 11,300,22,4.45289,2
Area 11,300,23,0.08908,0
Area 11,300,24,0.09534,0
Area 11,300,25,0.04535,0
Area 11,300,26,0.125,0
Area 11,300,31,0.40725,0
Area 11,300,32,4.22115,2
Area 11,300,35,0.06902,0
Area 11,300,36,3.23057,0
Area 11,300,37,0.03807,0
Area 11,300,40,0.07119,0
Area 11,300,42,8.59986,7
Area 11,300,45,0.25014,0
Area 11,300,46,0.09392,0
Area 11,300,47,0.28639,0
Area 11,300,50,4.55672,2
Area 11,300,70,3.55872,2
Area 11,300,71,1.67859,1
Area 11,300,77,0.45028,0
Area 11,300,85,7.56421,13
Area 11,300,86,0.0455,0
Area 11,300,95,3.44129,5
Area 11,375,9,0.02066,0
Area 11,375,10,0.00445,0
Area 11,375,12,0.79541,3
Area 11,375,15,0.79574,0
Area 11,375,16,0.10891,0
Area 11,375,22,1.33195,2
Area 11,375,24,0.09469,0
Area 11,375,32,2.4759,0
Area 11,375,36,0.86022,0
Area 11,375,40,0.08612,0
Area 11,375,42,1.62336,4
Area 11,375,45,0.35709,0
Area 11,375,50,2.34119,0
Area 11,375,61,0.09082,0
Area 11,375,70,1.49865,1
Area 11,375,71,0.16892,0
Area 11,375,77,0.16703,0
Area 11,375,85,3.51884,0
Area 11,375,95,2.85167,5
Area 11,450,10,0.17528,1
Area 11,450,12,0.28814,1
Area 11,450,13,0.00267,0
Area 11,450,15,0.35628,0
Area 11,450,22,0.58896,1
Area 11,450,24,0.01627,0
Area 11,450,26,0.06319,0
Area 11,450,32,0.97948,1
Area 11,450,36,0.13862,0
Area 11,450,42,0.56145,2
Area 11,450,50,0.84302,0
Area 11,450,61,0.08811,0
Area 11,450,70,0.53188,0
Area 11,450,71,0.0799,1
Area 11,450,77,0.04494,0
Area 11,450,85,0.72098,1
Area 11,450,95,0.88229,0
Area 11,600,10,0.01303,0
Area 11,600,15,0.21085,0
Area 11,600,22,0.21814,0
Area 11,600,32,0.04472,0
Area 11,600,36,0.04965,0
Area 11,600,39,0.16978,0
Area 11,600,42,0.04111,0
Area 11,600,50,0.13499,0
Area 11,600,70,0.01118,0
Area 11,600,71,0.01923,0
Area 11,600,85,0.12932,0
Area 11,600,95,0.20052,0
Area 11,900,12,0.10151,0
Area 11,900,15,0.16469,0
Area 11,900,22,0.20698,0
Area 11,1050,10,0.11035,0
Area 11,1050,42,0.16112,1
Area 11,1050,50,0.00777,0
Area 11,1050,95,0.07312,0
